First Name,Last Name,Title,Company Name,Company URL,Industry,Company Location,Company Size,LinkedIn Url,Email,Hiring Signal,Reason This Is a Strong Lead
Parker,Conrad,Founder & CEO,Rippling,https://rippling.com,HR Tech,United States,1000+,https://www.linkedin.com/in/parkerconrad,parker@rippling.com,Rapid expansion,Scaling aggressively across multiple product lines
Guillermo,Rauch,Founder & CEO,Vercel,https://vercel.com,Cloud / SaaS,United States,100-500,https://www.linkedin.com/in/rauchg,guillermo@vercel.com,Funding round,Rapid product adoption scaling support needs
Alex,Bouaziz,Co-Founder & CEO,Deel,https://deel.com,HR Tech,United States,500-1000,https://www.linkedin.com/in/alexbouaziz,alex@deel.com,Global expansion,Serving global teams requires 24/7 ops support
Mathilde,Collin,Co-Founder & CEO,Front,https://front.com,SaaS,United States,100-500,https://www.linkedin.com/in/mathildecollin,mathilde@front.com,Scaling comms,Workflow management company values operational efficiency
Jack,Altman,Co-Founder,Lattice,https://lattice.com,HR Tech,United States,500-1000,https://www.linkedin.com/in/jackaltman,jack@lattice.com,Massive scaling,Hypergrowth hits internal operational bottlenecks
Christina,Cacioppo,Co-Founder & CEO,Vanta,https://vanta.com,SaaS / Security,United States,100-500,https://www.linkedin.com/in/ccacioppo,christina@vanta.com,Explosive growth,Security compliance scaling requires operational manpower
Paul,Copplestone,Co-Founder & CEO,Supabase,https://supabase.com,Developer Tools,United States,50-200,https://www.linkedin.com/in/paulcopplestone,paul@supabase.com,Ecosystem scaling,Open-source traction creates support demands
Karri,Saarinen,Co-Founder & CEO,Linear,https://linear.app,SaaS / Productivity,United States,50-200,https://www.linkedin.com/in/karrisaarinen,karri@linear.app,Product-led growth,Lean org needs external ops support
Thomas,Paul Mann,Co-Founder & CEO,Raycast,https://raycast.com,SaaS / Productivity,United Kingdom,10-50,https://www.linkedin.com/in/thomaspaulmann,thomas@raycast.com,Series A Growth,Small team with massive user base
Peer,Richelsen,Co-Founder & Co-CEO,Cal.com,https://cal.com,SaaS,United States,10-50,https://www.linkedin.com/in/peerrichelsen,peer@cal.com,Market expansion,Needs operational scaffolding for B2B sales
Amjad,Masad,Founder & CEO,Replit,https://replit.com,Developer Tools,United States,100-500,https://www.linkedin.com/in/amjadmasad,amjad@replit.com,High user volume,Millions of signups need customer success ops
Edo,Liberty,Founder & CEO,Pinecone,https://pinecone.io,AI / Infrastructure,United States,50-200,https://www.linkedin.com/in/edoliberty,edo@pinecone.io,AI boom,AI infrastructure scaling needs ops execution
Harrison,Chase,Co-Founder & CEO,LangChain,https://langchain.com,AI,United States,10-50,https://www.linkedin.com/in/harrison-chase-961287118,harrison@langchain.dev,Massive inbound,Founders buried in partnership requests
Aravind,Srinivas,Co-Founder & CEO,Perplexity,https://perplexity.ai,AI / Search,United States,50-200,https://www.linkedin.com/in/aravind-srinivas-16051987,aravind@perplexity.ai,Exponential scaling,Fighting massive competitors requires ops outsourcing
Mati,Staniszewski,Co-Founder & CEO,ElevenLabs,https://elevenlabs.io,AI / Audio,United Kingdom,50-200,https://www.linkedin.com/in/matistaniszewski,mati@elevenlabs.io,Global scaling,Voice API needs 24/7 operational support pods
Andrew,Mason,Founder & CEO,Descript,https://descript.com,SaaS / Media,United States,100-500,https://www.linkedin.com/in/andrewmason,andrew@descript.com,Heavy investment,B2B sales scaling needs sales-ops offloads
Jaleh,Rezaei,Co-Founder & CEO,Mutiny,https://mutinyhq.com,SaaS / MarTech,United States,50-200,https://www.linkedin.com/in/jalehrezaei,jaleh@mutinyhq.com,Outbound motion,Martech needs vast SDR and ops support
Barry,McCardel,Co-Founder & CEO,Hex,https://hex.tech,Data Tech,United States,50-200,https://www.linkedin.com/in/barrymccardel,barry@hex.tech,Series B,Enterprise sales needs contract processing teams
Jennifer,Smith,Founder & CEO,Scribe,https://scribehow.com,SaaS / Productivity,United States,50-200,https://www.linkedin.com/in/jennifersmithscribe,jennifer@scribehow.com,Viral growth,Workflow tool company values outsourced ops
Victor,Riparbelli,Co-Founder & CEO,Synthesia,https://synthesia.io,AI / Video,United Kingdom,100-500,https://www.linkedin.com/in/victorriparbelli,victor@synthesia.io,EU expansion,AI rendering pipelines need operational support
Cristobal,Valenzuela,Co-Founder & CEO,Runway,https://runwayml.com,AI / Creative,United States,100-500,https://www.linkedin.com/in/cvalenzuela,cristobal@runwayml.com,Creative AI boom,Server scaling needs deep ops bandwidth
Clem,Delangue,Co-Founder & CEO,Hugging Face,https://huggingface.co,AI / OS,United States,100-500,https://www.linkedin.com/in/clemdelangue,clem@huggingface.co,Community ops,Largest AI platform needs global moderation
Immad,Akhund,Co-Founder & CEO,Mercury,https://mercury.com,FinTech,United States,500-1000,https://www.linkedin.com/in/immad,immad@mercury.com,Bank scaling,Fintech onboarding needs remote manpower
Spenser,Skates,Co-Founder & CEO,Amplitude,https://amplitude.com,SaaS / Analytics,United States,500-1000,https://www.linkedin.com/in/spenserskates,spenser@amplitude.com,Enterprise expansion,Account management needs vast resourcing
Tomer,London,Co-Founder & CEO,Gusto,https://gusto.com,HR Tech / FinTech,United States,500-1000,https://www.linkedin.com/in/tomerlondon,tomer@gusto.com,SMB expansion,Payroll platform scaling requires massive ops
Josh,Reeves,Co-Founder & CEO,Gusto,https://gusto.com,HR Tech / FinTech,United States,500-1000,https://www.linkedin.com/in/joshreeves,josh@gusto.com,SMB expansion,Co-founder managing rapid customer growth
Sanjay,Beri,Founder & CEO,Netskope,https://netskope.com,Cybersecurity,United States,500-1000,https://www.linkedin.com/in/sanjayberi,sanjay@netskope.com,Enterprise security,Cloud security scaling needs heavy support ops
Jay,Simons,CEO,Atlassian,https://atlassian.com,SaaS / Dev Tools,United States,1000+,https://www.linkedin.com/in/jaysimons,jay@atlassian.com,Global enterprise,Massive dev tool platform needs ops at scale
Ivan,Zhao,Co-Founder & CEO,Notion,https://notion.so,SaaS / Productivity,United States,500-1000,https://www.linkedin.com/in/ivanhzhao,ivan@makenotion.com,Explosive PLG,Productivity tool with millions of users needs support
Akshay,Kothari,COO,Notion,https://notion.so,SaaS / Productivity,United States,500-1000,https://www.linkedin.com/in/akothari,akshay@makenotion.com,Scaling ops,COO directly manages operational scaling
Vlad,Magdalin,Founder & CEO,Webflow,https://webflow.com,SaaS / No-Code,United States,500-1000,https://www.linkedin.com/in/vladmagdalin,vlad@webflow.com,No-code boom,Website builder scaling enterprise features
Bryant,Chou,Co-Founder & CTO,Webflow,https://webflow.com,SaaS / No-Code,United States,500-1000,https://www.linkedin.com/in/bryantchou,bryant@webflow.com,Tech scaling,CTO managing rapid infrastructure growth
Krish,Ramineni,Co-Founder & CEO,Fireflies.ai,https://fireflies.ai,AI / Productivity,United States,50-200,https://www.linkedin.com/in/krishramineni,krish@fireflies.ai,AI meeting tool,Meeting AI tool scaling needs support ops
Sam,Liang,Co-Founder & CEO,Otter.ai,https://otter.ai,AI / Productivity,United States,100-500,https://www.linkedin.com/in/samliangai,sam@otter.ai,Transcription boom,AI transcription platform needs ops teams
Eiso,Kant,Co-Founder & CEO,Athenian,https://athenian.com,Dev Tools,Europe,10-50,https://www.linkedin.com/in/eisokant,eiso@athenian.com,Engineering analytics,Dev analytics startup needs lean ops
Guillaume,Moubeche,Founder & CEO,Lemlist,https://lemlist.com,SaaS / Sales,Europe,50-200,https://www.linkedin.com/in/gmoubeche,guillaume@lemlist.com,Cold email growth,Sales outreach tool founder understands ops value
Thibaut,Davoult,Co-Founder,Lemlist,https://lemlist.com,SaaS / Sales,Europe,50-200,https://www.linkedin.com/in/thibautdavoult,thibaut@lemlist.com,Scaling sales,Outreach platform co-founder managing growth
Tope,Awotona,Founder & CEO,Calendly,https://calendly.com,SaaS / Scheduling,United States,500-1000,https://www.linkedin.com/in/topeawotona,tope@calendly.com,Enterprise push,Scheduling giant needs enterprise ops support
David,Cancel,CEO,Drift,https://drift.com,SaaS / MarTech,United States,500-1000,https://www.linkedin.com/in/dcancel,david@drift.com,Conversational AI,Chat platform scaling enterprise needs ops
Elias,Torres,Co-Founder & CTO,Drift,https://drift.com,SaaS / MarTech,United States,500-1000,https://www.linkedin.com/in/eliastorres,elias@drift.com,AI scaling,CTO managing conversational AI infrastructure
Dylan,Field,Co-Founder & CEO,Figma,https://figma.com,SaaS / Design,United States,1000+,https://www.linkedin.com/in/dylanfield,dylan@figma.com,Design tool dominance,Massive design platform needs global support ops
Evan,Wallace,Co-Founder,Figma,https://figma.com,SaaS / Design,United States,1000+,https://www.linkedin.com/in/evanwallace,evan@figma.com,Product scaling,Co-founder managing rapid product growth
Melanie,Perkins,Co-Founder & CEO,Canva,https://canva.com,SaaS / Design,Australia,1000+,https://www.linkedin.com/in/melanieperkins,melanie@canva.com,Global expansion,Design platform with massive global user base
Cliff,Obrecht,Co-Founder & COO,Canva,https://canva.com,SaaS / Design,Australia,1000+,https://www.linkedin.com/in/cliffobrecht,cliff@canva.com,Global ops,COO managing international operational scaling
Mikkel,Svane,Founder & CEO,Zendesk,https://zendesk.com,SaaS / CX,United States,1000+,https://www.linkedin.com/in/mikkelsvane,mikkel@zendesk.com,CX expansion,Customer experience platform at massive scale
Girish,Mathrubootham,Founder & CEO,Freshworks,https://freshworks.com,SaaS / CX,United States,1000+,https://www.linkedin.com/in/giaborea,girish@freshworks.com,CRM scaling,Business software suite with global ops
Shishir,Mehrotra,Founder & CEO,Coda,https://coda.io,SaaS / Productivity,United States,200-500,https://www.linkedin.com/in/shishirmehrotra,shishir@coda.io,Doc platform,All-in-one doc platform scaling enterprise
Emmet,Shear,Co-Founder,Twitch,https://twitch.tv,Social / Streaming,United States,1000+,https://www.linkedin.com/in/emmetshear,emmet@twitch.tv,Creator economy,Massive streaming platform needs ops infrastructure
Vlad,Tenev,Co-Founder & CEO,Robinhood,https://robinhood.com,FinTech,United States,1000+,https://www.linkedin.com/in/vladtenev,vlad@robinhood.com,Fintech growth,Trading app with millions of users needs support
Baiju,Bhatt,Co-Founder,Robinhood,https://robinhood.com,FinTech,United States,1000+,https://www.linkedin.com/in/baijubhatt,baiju@robinhood.com,Regulatory scaling,Fintech compliance needs operational teams
Max,Levchin,Founder & CEO,Affirm,https://affirm.com,FinTech,United States,1000+,https://www.linkedin.com/in/maxlevchin,max@affirm.com,BNPL expansion,Buy-now-pay-later scaling merchant ops
Henrique,Dubugras,Co-Founder & CEO,Brex,https://brex.com,FinTech,United States,500-1000,https://www.linkedin.com/in/henriquedubugras,henrique@brex.com,Startup finance,Corporate card company scaling SMB support
Pedro,Franceschi,Co-Founder & CTO,Brex,https://brex.com,FinTech,United States,500-1000,https://www.linkedin.com/in/pedrofranceschi,pedro@brex.com,Tech scaling,CTO scaling fintech infrastructure
Zach,Perret,Co-Founder & CEO,Plaid,https://plaid.com,FinTech,United States,500-1000,https://www.linkedin.com/in/zachperret,zach@plaid.com,API expansion,Financial API platform needs integration support
William,Hockey,Co-Founder,Plaid,https://plaid.com,FinTech,United States,500-1000,https://www.linkedin.com/in/williamhockey,william@plaid.com,Enterprise growth,Co-founder managing financial data partnerships
Nick,Mehta,CEO,Gainsight,https://gainsight.com,SaaS / CS,United States,500-1000,https://www.linkedin.com/in/nickmehta,nick@gainsight.com,CS platform,Customer success platform CEO understands ops
Bryan,Helmig,Co-Founder & CTO,Zapier,https://zapier.com,SaaS / Automation,United States,500-1000,https://www.linkedin.com/in/bryanhelmig,bryan@zapier.com,Automation boom,Workflow automation company values ops efficiency
Wade,Foster,Co-Founder & CEO,Zapier,https://zapier.com,SaaS / Automation,United States,500-1000,https://www.linkedin.com/in/wadefoster,wade@zapier.com,Remote-first scaling,Fully remote company needs distributed ops
Allan,Grant,Co-Founder & CEO,Tally,https://tally.so,SaaS / Forms,Europe,10-50,https://www.linkedin.com/in/allangrant,allan@tally.so,Product-led growth,Form builder with rapid adoption
Marie,Prokopets,Co-Founder & CEO,Nifty,https://niftypm.com,SaaS / PM,United States,10-50,https://www.linkedin.com/in/marieprokopets,marie@niftypm.com,PM tool growth,Project management tool scaling user base
Hiten,Shah,Co-Founder,FYI,https://usefyi.com,SaaS / Productivity,United States,10-50,https://www.linkedin.com/in/hitenshah,hiten@usefyi.com,Serial founder,Experienced SaaS founder values operational speed
Des,Traynor,Co-Founder & Chief Strategy,Intercom,https://intercom.com,SaaS / CX,United States,500-1000,https://www.linkedin.com/in/destraynor,des@intercom.com,AI customer support,Messaging platform scaling AI support ops
Eoghan,McCabe,Co-Founder & CEO,Intercom,https://intercom.com,SaaS / CX,United States,500-1000,https://www.linkedin.com/in/eoghanmccabe,eoghan@intercom.com,Enterprise expansion,CEO managing massive enterprise push
Calvin,French-Owen,Co-Founder & CTO,Segment,https://segment.com,SaaS / Data,United States,500-1000,https://www.linkedin.com/in/calvinfrenchowen,calvin@segment.com,Data infrastructure,Customer data platform needs integration ops
Peter,Reinhardt,Co-Founder & CEO,Segment,https://segment.com,SaaS / Data,United States,500-1000,https://www.linkedin.com/in/peterreinhardt,peter@segment.com,CDP scaling,Data platform founder managing growth
Dharmesh,Shah,Co-Founder & CTO,HubSpot,https://hubspot.com,SaaS / CRM,United States,1000+,https://www.linkedin.com/in/dharmesh,dharmesh@hubspot.com,SMB CRM dominance,Marketing automation at massive scale
Brian,Halligan,Co-Founder,HubSpot,https://hubspot.com,SaaS / CRM,United States,1000+,https://www.linkedin.com/in/brianhalligan,bhalligan@hubspot.com,Inbound movement,Pioneer of inbound marketing methodology
Neeraj,Agrawal,General Partner,Battery Ventures,https://battery.com,Venture Capital,United States,100-500,https://www.linkedin.com/in/neerajagrawal,neeraj@battery.com,Portfolio ops,VC firm portfolio companies need ops support
Pieter,Levels,Founder,Nomad List,https://nomadlist.com,SaaS / Remote,Europe,1-10,https://www.linkedin.com/in/levelsio,pieter@nomadlist.com,Solo founder scaling,Bootstrapped founder needs ops to scale without hiring
Sahil,Lavingia,Founder & CEO,Gumroad,https://gumroad.com,E-Commerce / SaaS,United States,10-50,https://www.linkedin.com/in/sahillavingia,sahil@gumroad.com,Creator economy,Creator commerce platform with lean team
Nathan,Barry,Founder & CEO,ConvertKit,https://convertkit.com,SaaS / Email,United States,50-200,https://www.linkedin.com/in/nathanbarry,nathan@convertkit.com,Creator tools,Email marketing platform scaling creator support
Patrick,Collison,Co-Founder & CEO,Stripe,https://stripe.com,FinTech,United States,1000+,https://www.linkedin.com/in/patrickcollison,patrick@stripe.com,Payments dominance,Global payments infrastructure at massive scale
John,Collison,Co-Founder & President,Stripe,https://stripe.com,FinTech,United States,1000+,https://www.linkedin.com/in/johncollison,john@stripe.com,Global expansion,Managing international operational scaling
Tobias,Lutke,Founder & CEO,Shopify,https://shopify.com,E-Commerce,Canada,1000+,https://www.linkedin.com/in/tobiaslutke,tobias@shopify.com,Commerce platform,E-commerce giant needs global merchant ops
Harley,Finkelstein,President,Shopify,https://shopify.com,E-Commerce,Canada,1000+,https://www.linkedin.com/in/harleyf,harley@shopify.com,Merchant expansion,President managing merchant operations at scale
Jason,Fried,Co-Founder & CEO,Basecamp,https://basecamp.com,SaaS / PM,United States,50-200,https://www.linkedin.com/in/jasonfried,jason@basecamp.com,Remote philosophy,Pioneer of remote work values lean ops
David,Heinemeier Hansson,Co-Founder & CTO,Basecamp,https://basecamp.com,SaaS / PM,United States,50-200,https://www.linkedin.com/in/davidheinemeierhansson,dhh@basecamp.com,Rails ecosystem,CTO managing tech infrastructure remotely
Stewart,Butterfield,Co-Founder,Slack,https://slack.com,SaaS / Comms,United States,1000+,https://www.linkedin.com/in/stewartbutterfield,stewart@slack.com,Enterprise comms,Workplace messaging at enterprise scale
Eric,Yuan,Founder & CEO,Zoom,https://zoom.us,SaaS / Video,United States,1000+,https://www.linkedin.com/in/ericsyuan,eric@zoom.us,Video platform,Video conferencing scaling global support
Sid,Sijbrandij,Co-Founder & CEO,GitLab,https://gitlab.com,Dev Tools,United States,1000+,https://www.linkedin.com/in/sijbrandij,sid@gitlab.com,All-remote pioneer,Fully remote dev platform with 1000+ employees
Nat,Friedman,Former CEO,GitHub,https://github.com,Dev Tools,United States,1000+,https://www.linkedin.com/in/natfriedman,nat@github.com,AI coding boom,Developer platform at massive global scale
Joel,Gascoigne,Co-Founder & CEO,Buffer,https://buffer.com,SaaS / Social,United States,50-200,https://www.linkedin.com/in/joelgascoigne,joel@buffer.com,Remote-first,Social media tool with fully remote team
Leo,Widrich,Co-Founder,Buffer,https://buffer.com,SaaS / Social,United States,50-200,https://www.linkedin.com/in/leowidrich,leo@buffer.com,Transparent culture,Co-founder at remote-first social tool
Rand,Fishkin,Co-Founder & CEO,SparkToro,https://sparktoro.com,SaaS / MarTech,United States,1-10,https://www.linkedin.com/in/randfishkin,rand@sparktoro.com,Audience research,Marketing research tool with tiny team
Patrick,Campbell,Founder,ProfitWell,https://profitwell.com,SaaS / Analytics,United States,100-500,https://www.linkedin.com/in/patrickccampbell,patrick@profitwell.com,Revenue analytics,SaaS metrics tool scaling B2B support
Ryan,Hoover,Founder,Product Hunt,https://producthunt.com,SaaS / Community,United States,50-200,https://www.linkedin.com/in/ryanhoover,ryan@producthunt.com,Launch platform,Product launch platform with global community
Brennan,Dunn,Founder,RightMessage,https://rightmessage.com,SaaS / Personalization,United States,1-10,https://www.linkedin.com/in/brennandunn,brennan@rightmessage.com,Solo scaling,Bootstrapped founder needs ops support
Rob,Walling,Co-Founder,TinySeed,https://tinyseed.com,Venture Capital,United States,10-50,https://www.linkedin.com/in/robwalling,rob@tinyseed.com,SaaS accelerator,Portfolio companies need operational support
Noah,Kagan,CEO,AppSumo,https://appsumo.com,E-Commerce / SaaS,United States,50-200,https://www.linkedin.com/in/noahkagan,noah@appsumo.com,Deal platform,Software deals platform scaling merchant ops
Oleg,Rogynskyy,Founder & CEO,People.ai,https://people.ai,AI / Sales,United States,100-500,https://www.linkedin.com/in/oleg-rogynskyy,oleg@people.ai,Revenue intelligence,AI sales platform needs ops support teams
Henry,Schuck,Founder & CEO,ZoomInfo,https://zoominfo.com,SaaS / Data,United States,1000+,https://www.linkedin.com/in/henryschuck,henry@zoominfo.com,Data platform,B2B contact data provider at massive scale
Kyle,Porter,Founder & CEO,SalesLoft,https://salesloft.com,SaaS / Sales,United States,500-1000,https://www.linkedin.com/in/kyleporter,kyle@salesloft.com,Sales engagement,Sales engagement platform scaling enterprise ops
Manny,Medina,Founder & CEO,Outreach,https://outreach.io,SaaS / Sales,United States,500-1000,https://www.linkedin.com/in/mannymedina,manny@outreach.io,Sales tech leader,Sales execution platform needs support teams
Nick,Loper,Founder,Side Hustle Nation,https://sidehustlenation.com,Media / Education,United States,1-10,https://www.linkedin.com/in/nickloper,nick@sidehustlenation.com,Creator scaling,Media entrepreneur needs ops support
Pat,Flynn,Founder,SPI Media,https://smartpassiveincome.com,Media / Education,United States,10-50,https://www.linkedin.com/in/patflynn,pat@smartpassiveincome.com,Content empire,Digital media company needs content ops
Amy,Porterfield,CEO,Amy Porterfield Inc,https://amyporterfield.com,Education / Marketing,United States,10-50,https://www.linkedin.com/in/amyporterfield,amy@amyporterfield.com,Course scaling,Online education business needs ops support
Tiago,Forte,Founder & CEO,Forte Labs,https://fortelabs.com,Education / Productivity,United States,10-50,https://www.linkedin.com/in/tiagoforte,tiago@fortelabs.com,BASB movement,Knowledge management educator scaling business
David,Perell,Founder,Write of Passage,https://writeofpassage.school,Education,United States,10-50,https://www.linkedin.com/in/davidperell,david@perell.com,Cohort education,Online writing school scaling cohorts
Ali,Abdaal,Founder & CEO,Ali Abdaal Ltd,https://aliabdaal.com,Education / Creator,United Kingdom,10-50,https://www.linkedin.com/in/aliabdaal,ali@aliabdaal.com,Creator scaling,Massive YouTube creator scaling business ops
Justin,Welsh,Founder,JW Strategic Advisory,https://justinwelsh.me,SaaS / Creator,United States,1-10,https://www.linkedin.com/in/justinwelsh,justin@justinwelsh.me,Solopreneur,LinkedIn thought leader needs ops support
Chris,Walker,Founder & CEO,Refine Labs,https://refinelabs.com,B2B Marketing,United States,50-200,https://www.linkedin.com/in/chriswalker171,chris@refinelabs.com,Demand gen,B2B demand gen agency scaling client ops
Sam,Parr,Co-Founder,Hampton,https://joinhampton.com,Community / Business,United States,10-50,https://www.linkedin.com/in/samparr,sam@joinhampton.com,CEO community,Founder community scaling membership ops
Shaan,Puri,Co-Host,My First Million,https://mfmpod.com,Media / Investing,United States,1-10,https://www.linkedin.com/in/shaanpuri,shaan@mfmpod.com,Media empire,Podcast entrepreneur with multiple ventures
George,Mack,Founder,Palladium Consulting,https://www.linkedin.com/in/georgemack212,Consulting / Marketing,United Kingdom,1-10,https://www.linkedin.com/in/georgemack212,george@palladium.co,Strategy consulting,Marketing strategist scaling client work
Alex,Hormozi,Founder & CEO,Acquisition.com,https://acquisition.com,Venture / Services,United States,50-200,https://www.linkedin.com/in/alexhormozi,alex@acquisition.com,Portfolio scaling,Business acquisition firm scaling portfolio ops
Leila,Hormozi,Co-Founder & CEO,Acquisition.com,https://acquisition.com,Venture / Services,United States,50-200,https://www.linkedin.com/in/leilahormozi,leila@acquisition.com,Brand building,Managing scaling operations across portfolio
Tom,Blomfield,Co-Founder,Monzo,https://monzo.com,FinTech,United Kingdom,1000+,https://www.linkedin.com/in/tomblomfield,tom@monzo.com,Neobank scaling,Digital bank scaling customer support globally
Anne,Boden,Founder & CEO,Starling Bank,https://starlingbank.com,FinTech,United Kingdom,500-1000,https://www.linkedin.com/in/anneboden,anne@starlingbank.com,Digital banking,UK neobank scaling operational support
Nikolay,Storonsky,Founder & CEO,Revolut,https://revolut.com,FinTech,United Kingdom,1000+,https://www.linkedin.com/in/nikolaystoronsky,nikolay@revolut.com,Global fintech,Super-app scaling global ops infrastructure
Taavet,Hinrikus,Co-Founder,Wise,https://wise.com,FinTech,United Kingdom,1000+,https://www.linkedin.com/in/taavethinrikus,taavet@wise.com,Money transfer,International transfers platform at massive scale
Kristo,Kaarmann,Co-Founder & CEO,Wise,https://wise.com,FinTech,United Kingdom,1000+,https://www.linkedin.com/in/kaarmankr,kristo@wise.com,Global payments,CEO managing global financial operations
Bernadette,Hyland,CEO,3 Round Stones,https://3roundstones.com,SaaS / Data,United States,10-50,https://www.linkedin.com/in/bernadettehyland,bernadette@3roundstones.com,Data management,Data management company needs ops support
Jean-Philippe,Courtois,EVP,Microsoft,https://microsoft.com,Technology,United States,1000+,https://www.linkedin.com/in/jeanphilippecourtois,jpcourtois@microsoft.com,Global enterprise,EVP managing massive global partnerships
Michael,Pryor,Co-Founder & Head of Product,Trello,https://trello.com,SaaS / PM,United States,100-500,https://www.linkedin.com/in/michaelpryor,michael@trello.com,PM tool scaling,Project management tool with massive user base
Joel,Spolsky,Co-Founder,Stack Overflow,https://stackoverflow.com,Dev Tools / Community,United States,500-1000,https://www.linkedin.com/in/joelspolsky,joel@stackoverflow.com,Dev community,Developer Q&A platform at massive global scale
Jeff,Lawson,Co-Founder & CEO,Twilio,https://twilio.com,SaaS / Communications,United States,1000+,https://www.linkedin.com/in/jeffiel,jeff@twilio.com,API platform,Communication APIs scaling global developer support
Dustin,Moskovitz,Co-Founder & CEO,Asana,https://asana.com,SaaS / PM,United States,1000+,https://www.linkedin.com/in/dustinmoskovitz,dustin@asana.com,Work management,Project management platform at enterprise scale
Justin,Rosenstein,Co-Founder,Asana,https://asana.com,SaaS / PM,United States,1000+,https://www.linkedin.com/in/justinrosenstein,justin@asana.com,Product vision,Co-founder managing product scaling
Eric,Ries,Author & Founder,LTSE,https://ltse.com,FinTech / Publishing,United States,50-200,https://www.linkedin.com/in/eries,eric@ltse.com,Lean startup,Long-term stock exchange founder needs ops
Steve,Blank,Founder & Author,Stanford,https://steveblank.com,Education / Consulting,United States,1-10,https://www.linkedin.com/in/steveblank,steve@steveblank.com,Startup education,Startup methodology pioneer with advisory work
Brian,Chesky,Co-Founder & CEO,Airbnb,https://airbnb.com,Marketplace,United States,1000+,https://www.linkedin.com/in/brianchesky,brian@airbnb.com,Travel marketplace,Global marketplace with massive host ops
Joe,Gebbia,Co-Founder,Airbnb,https://airbnb.com,Marketplace,United States,1000+,https://www.linkedin.com/in/jgebbia,joe@airbnb.com,Design thinking,Co-founder managing design and community
Nathan,Blecharczyk,Co-Founder & CSO,Airbnb,https://airbnb.com,Marketplace,United States,1000+,https://www.linkedin.com/in/nathanblecharczyk,nathan@airbnb.com,Strategy scaling,CSO managing global strategic operations
Logan,Green,Co-Founder,Lyft,https://lyft.com,Marketplace / Transport,United States,1000+,https://www.linkedin.com/in/logangreen,logan@lyft.com,Rideshare ops,Transportation platform with massive driver ops
John,Zimmer,Co-Founder & President,Lyft,https://lyft.com,Marketplace / Transport,United States,1000+,https://www.linkedin.com/in/johnzimmer,john@lyft.com,Driver expansion,Managing driver operations at scale
Tony,Xu,Co-Founder & CEO,DoorDash,https://doordash.com,Marketplace / Delivery,United States,1000+,https://www.linkedin.com/in/xutony,tony@doordash.com,Delivery scaling,Food delivery platform with massive logistics ops
Andy,Fang,Co-Founder,DoorDash,https://doordash.com,Marketplace / Delivery,United States,1000+,https://www.linkedin.com/in/andyfang1,andy@doordash.com,Tech infrastructure,Co-founder managing delivery tech scaling
Aneel,Bhusri,Co-Founder & CEO,Workday,https://workday.com,HR Tech / Enterprise,United States,1000+,https://www.linkedin.com/in/aneelbhusri,aneel@workday.com,Enterprise HR,HR platform at massive enterprise scale
Aaron,Levie,Co-Founder & CEO,Box,https://box.com,SaaS / Cloud Storage,United States,1000+,https://www.linkedin.com/in/aaronlevie,levie@box.com,Cloud storage,Enterprise content management at scale
Drew,Houston,Co-Founder & CEO,Dropbox,https://dropbox.com,SaaS / Cloud Storage,United States,1000+,https://www.linkedin.com/in/drewhouston,drew@dropbox.com,Cloud productivity,File sharing platform with massive user ops
Arash,Ferdowsi,Co-Founder,Dropbox,https://dropbox.com,SaaS / Cloud Storage,United States,1000+,https://www.linkedin.com/in/arashferdowsi,arash@dropbox.com,Tech scaling,Co-founder managing infrastructure growth
Marcelo,Claure,CEO,SoftBank Group International,https://softbank.com,Venture Capital,United States,1000+,https://www.linkedin.com/in/marceloclaure,marcelo@softbank.com,Portfolio ops,VC portfolio companies need ops support
Frederic,Kerrest,Co-Founder & COO,Okta,https://okta.com,SaaS / Security,United States,1000+,https://www.linkedin.com/in/frederickerrest,frederic@okta.com,Identity security,Identity platform scaling enterprise support
Todd,McKinnon,Co-Founder & CEO,Okta,https://okta.com,SaaS / Security,United States,1000+,https://www.linkedin.com/in/toddmckinnon,todd@okta.com,Zero trust scaling,CEO managing enterprise security expansion
Daniel,Dines,Co-Founder & CEO,UiPath,https://uipath.com,AI / Automation,United States,1000+,https://www.linkedin.com/in/danieldines,daniel@uipath.com,RPA dominance,Robotic process automation at enterprise scale
Krish,Subramanian,Co-Founder & CEO,Chargebee,https://chargebee.com,SaaS / Billing,United States,500-1000,https://www.linkedin.com/in/krishsubramanian,krish@chargebee.com,Billing infrastructure,Subscription billing platform scaling globally
Jason,VandeBoom,Founder & CEO,ActiveCampaign,https://activecampaign.com,SaaS / Marketing,United States,500-1000,https://www.linkedin.com/in/jasonvandeboom,jason@activecampaign.com,CXA platform,Customer experience automation at scale
Mike,Cannon-Brookes,Co-Founder & Co-CEO,Atlassian,https://atlassian.com,SaaS / Dev Tools,Australia,1000+,https://www.linkedin.com/in/mikecannonbrookes,mike@atlassian.com,Dev tool dominance,Enterprise dev tools with massive global ops
Scott,Farquhar,Co-Founder & Co-CEO,Atlassian,https://atlassian.com,SaaS / Dev Tools,Australia,1000+,https://www.linkedin.com/in/scottfarquhar,scott@atlassian.com,Enterprise expansion,Co-CEO managing global enterprise scaling
Olivier,Pomel,Co-Founder & CEO,Datadog,https://datadoghq.com,SaaS / Monitoring,United States,1000+,https://www.linkedin.com/in/olivierpomel,olivier@datadoghq.com,Observability leader,Cloud monitoring platform at massive scale
Alexis,Le-Quoc,Co-Founder & CTO,Datadog,https://datadoghq.com,SaaS / Monitoring,United States,1000+,https://www.linkedin.com/in/alexislequoc,alexis@datadoghq.com,Infrastructure scaling,CTO managing observability infrastructure
Jay,Kreps,Co-Founder & CEO,Confluent,https://confluent.io,Data Infrastructure,United States,1000+,https://www.linkedin.com/in/jaykreps,jay@confluent.io,Data streaming,Kafka platform scaling enterprise data ops
Ali,Ghodsi,Co-Founder & CEO,Databricks,https://databricks.com,AI / Data,United States,1000+,https://www.linkedin.com/in/alighodsi,ali@databricks.com,Data + AI platform,Unified analytics platform at enterprise scale
Tomer,Weingarten,Co-Founder & CEO,SentinelOne,https://sentinelone.com,Cybersecurity,United States,1000+,https://www.linkedin.com/in/tomerweingarten,tomer@sentinelone.com,Endpoint security,AI cybersecurity platform scaling globally
George,Kurtz,Co-Founder & CEO,CrowdStrike,https://crowdstrike.com,Cybersecurity,United States,1000+,https://www.linkedin.com/in/georgekurtz,george@crowdstrike.com,Cybersecurity leader,Enterprise security platform at massive scale
Nikesh,Arora,CEO,Palo Alto Networks,https://paloaltonetworks.com,Cybersecurity,United States,1000+,https://www.linkedin.com/in/nikesharora,nikesh@paloaltonetworks.com,Security dominance,Leading cybersecurity company at global scale
Bipul,Sinha,Co-Founder & CEO,Rubrik,https://rubrik.com,Data Security,United States,1000+,https://www.linkedin.com/in/bipulsinha,bipul@rubrik.com,Data protection,Cloud data management scaling enterprise
Assaf,Rappaport,Co-Founder & CEO,Wiz,https://wiz.io,Cloud Security,United States,500-1000,https://www.linkedin.com/in/assafrappaport,assaf@wiz.io,Fastest SaaS growth,Cloud security startup with record growth
Tom,Preston-Werner,Co-Founder,GitHub,https://github.com,Dev Tools,United States,1000+,https://www.linkedin.com/in/mojombo,tom@github.com,Dev ecosystem,Developer platform co-founder with massive reach
Mitchell,Hashimoto,Co-Founder,HashiCorp,https://hashicorp.com,Dev Tools / Cloud,United States,1000+,https://www.linkedin.com/in/mitchellh,mitchell@hashicorp.com,Infrastructure tooling,Cloud infrastructure tools at enterprise scale
Armon,Dadgar,Co-Founder & CTO,HashiCorp,https://hashicorp.com,Dev Tools / Cloud,United States,1000+,https://www.linkedin.com/in/armondadgar,armon@hashicorp.com,Cloud infrastructure,CTO managing multi-cloud infrastructure tools
Solomon,Hykes,Founder,Docker,https://docker.com,Dev Tools / Cloud,United States,500-1000,https://www.linkedin.com/in/solomonhykes,solomon@docker.com,Container revolution,Container platform that changed dev ops
Edith,Harbaugh,Co-Founder & CEO,LaunchDarkly,https://launchdarkly.com,Dev Tools,United States,500-1000,https://www.linkedin.com/in/edithharbaugh,edith@launchdarkly.com,Feature management,Feature flag platform scaling enterprise
John,Kodumal,Co-Founder & CTO,LaunchDarkly,https://launchdarkly.com,Dev Tools,United States,500-1000,https://www.linkedin.com/in/jkodumal,john@launchdarkly.com,Dev tooling,CTO managing feature management infrastructure
Abhinav,Asthana,Co-Founder & CEO,Postman,https://postman.com,Dev Tools / API,United States,500-1000,https://www.linkedin.com/in/abhinavasthana,abhinav@postman.com,API platform,API development platform with millions of devs
Aparna,Chennapragada,Chief Product Officer,Robinhood,https://robinhood.com,FinTech,United States,1000+,https://www.linkedin.com/in/aparnachennapragada,aparna@robinhood.com,Product scaling,CPO managing product ops at fintech scale
Leah,Busque,Founder,TaskRabbit,https://taskrabbit.com,Marketplace,United States,500-1000,https://www.linkedin.com/in/leahbusque,leah@taskrabbit.com,Gig marketplace,Gig economy platform with massive ops needs
Katrina,Lake,Founder & CEO,Stitch Fix,https://stitchfix.com,E-Commerce / AI,United States,1000+,https://www.linkedin.com/in/katrina-lake,katrina@stitchfix.com,AI styling,AI-driven fashion with massive logistics ops
Whitney,Wolfe Herd,Founder & CEO,Bumble,https://bumble.com,Social / Dating,United States,1000+,https://www.linkedin.com/in/whitneywolfeherd,whitney@bumble.com,Social platform,Dating app scaling global user safety ops
Kevin,Systrom,Co-Founder,Instagram,https://instagram.com,Social,United States,1000+,https://www.linkedin.com/in/kevinsystrom,kevin@instagram.com,Platform pioneer,Social media pioneer with massive network
Mike,Krieger,Co-Founder,Instagram,https://instagram.com,Social,United States,1000+,https://www.linkedin.com/in/mikekrieger,mike@instagram.com,Product scaling,Co-founder of billion-user social platform
Evan,Spiegel,Co-Founder & CEO,Snap,https://snap.com,Social / AR,United States,1000+,https://www.linkedin.com/in/evanspiegel,evan@snap.com,AR innovation,Social media platform scaling AR operations
Bobby,Murphy,Co-Founder & CTO,Snap,https://snap.com,Social / AR,United States,1000+,https://www.linkedin.com/in/bobbymurphy,bobby@snap.com,Tech infrastructure,CTO managing AR and messaging infrastructure
Kevin,Weil,Chief Product Officer,Planet Labs,https://planet.com,Space Tech,United States,500-1000,https://www.linkedin.com/in/kevinweil,kevin@planet.com,Earth imaging,Satellite imaging company scaling data ops
Will,Marshall,Co-Founder & CEO,Planet Labs,https://planet.com,Space Tech,United States,500-1000,https://www.linkedin.com/in/willmarshall,will@planet.com,Space data,CEO managing global satellite operations
Emmett,Shear,CEO,Y Combinator,https://ycombinator.com,Venture Capital,United States,50-200,https://www.linkedin.com/in/emmetshear,emmett@ycombinator.com,Startup ecosystem,Accelerator portfolio companies need ops
Jyoti,Bansal,Founder & CEO,Harness,https://harness.io,Dev Tools / CI-CD,United States,500-1000,https://www.linkedin.com/in/jyotibansal,jyoti@harness.io,DevOps platform,CI/CD platform scaling enterprise deployments
Karan,Bajaj,Founder & CEO,WhiteHat Jr,https://whitehatjr.com,EdTech,United States,500-1000,https://www.linkedin.com/in/karanbajaj,karan@whitehatjr.com,EdTech scaling,Coding education platform with massive tutor ops
Kunal,Shah,Founder & CEO,CRED,https://cred.club,FinTech,Asia,500-1000,https://www.linkedin.com/in/kunalshah1,kunal@cred.club,Fintech growth,Credit card rewards app scaling member ops
Ritesh,Agarwal,Founder & CEO,OYO Rooms,https://oyorooms.com,Hospitality,Asia,1000+,https://www.linkedin.com/in/riteshagarwal,ritesh@oyorooms.com,Hotel scaling,Hotel chain scaling global hospitality ops
Byju,Raveendran,Founder & CEO,BYJU'S,https://byjus.com,EdTech,Asia,1000+,https://www.linkedin.com/in/byju-raveendran,byju@byjus.com,EdTech giant,Education platform with massive content ops
Veer,Gidwaney,Co-Founder,Maxwell Health,https://maxwellhealth.com,HealthTech,United States,100-500,https://www.linkedin.com/in/veergidwaney,veer@maxwellhealth.com,Benefits platform,Health benefits platform scaling employer ops
Adrian,Aoun,Founder & CEO,Forward,https://goforward.com,HealthTech,United States,100-500,https://www.linkedin.com/in/adrianaoun,adrian@goforward.com,AI healthcare,AI-powered healthcare scaling clinic ops
Mario,Schlosser,Co-Founder & CEO,Oscar Health,https://hioscar.com,HealthTech / Insurance,United States,1000+,https://www.linkedin.com/in/marioschlosser,mario@hioscar.com,Health insurance,Tech-driven health insurance scaling operations
Josh,Kushner,Founder,Thrive Capital,https://thrivecap.com,Venture Capital,United States,50-200,https://www.linkedin.com/in/joshkushner,josh@thrivecap.com,Portfolio growth,VC firm portfolio companies need ops support
Elad,Gil,Author & Investor,elad.blog,https://eladgil.com,Venture / Consulting,United States,1-10,https://www.linkedin.com/in/eladgil,elad@eladgil.com,High-growth advisor,Advisor to scaling companies understands ops needs
Naval,Ravikant,Co-Founder,AngelList,https://angel.co,Venture Capital,United States,100-500,https://www.linkedin.com/in/navalravikant,naval@angel.co,Startup infrastructure,Startup funding platform with massive deal ops
Austen,Allred,Co-Founder & CEO,BloomTech,https://bloomtech.com,EdTech,United States,100-500,https://www.linkedin.com/in/austenallred,austen@bloomtech.com,ISA model scaling,Coding bootcamp scaling student support ops
Rachel,Hepworth,VP of Marketing,Slack,https://slack.com,SaaS / Comms,United States,1000+,https://www.linkedin.com/in/rachelhepworth,rachel@slack.com,Marketing ops,VP managing marketing operations at scale
Lloyed,Lobo,Co-Founder,Boast.ai,https://boast.ai,FinTech / AI,Canada,50-200,https://www.linkedin.com/in/lloydlobo,lloyed@boast.ai,R&D tax credits,AI fintech platform scaling customer ops
Qasar,Younis,CEO,Applied Intuition,https://appliedintuition.com,AI / Autonomous,United States,100-500,https://www.linkedin.com/in/qasaryounis,qasar@appliedintuition.com,Autonomous vehicles,AV simulation platform scaling engineering ops
Clara,Shih,CEO,Salesforce AI,https://salesforce.com,AI / Enterprise,United States,1000+,https://www.linkedin.com/in/clarashih,clara@salesforce.com,Enterprise AI,Leading AI division at enterprise scale
Sarah,Friar,CEO,Nextdoor,https://nextdoor.com,Social / Local,United States,500-1000,https://www.linkedin.com/in/sarahfriar,sarah@nextdoor.com,Local social,Neighborhood social platform scaling moderation
Fidji,Simo,CEO,Instacart,https://instacart.com,Marketplace / Delivery,United States,1000+,https://www.linkedin.com/in/fidjisimo,fidji@instacart.com,Grocery delivery,Grocery delivery platform scaling shopper ops
Dara,Khosrowshahi,CEO,Uber,https://uber.com,Marketplace / Transport,United States,1000+,https://www.linkedin.com/in/darakhosrowshahi,dara@uber.com,Global mobility,Ride-sharing platform at massive global scale
Brian,Armstrong,Co-Founder & CEO,Coinbase,https://coinbase.com,FinTech / Crypto,United States,1000+,https://www.linkedin.com/in/barmstrong,brian@coinbase.com,Crypto platform,Crypto exchange scaling compliance and support ops
Emilie,Choi,President & COO,Coinbase,https://coinbase.com,FinTech / Crypto,United States,1000+,https://www.linkedin.com/in/emiliechoi,emilie@coinbase.com,Ops leadership,COO managing crypto exchange operations
Changpeng,Zhao,Founder & CEO,Binance,https://binance.com,FinTech / Crypto,Asia,1000+,https://www.linkedin.com/in/cpzhao,cz@binance.com,Global crypto exchange,Largest crypto exchange with global ops needs
Brad,Garlinghouse,CEO,Ripple,https://ripple.com,FinTech / Crypto,United States,500-1000,https://www.linkedin.com/in/bradgarlinghouse,brad@ripple.com,Blockchain payments,Enterprise blockchain payment network at scale
Mikkel,Dencker Jensen,Co-Founder & CEO,Pleo,https://pleo.io,FinTech,Europe,200-500,https://www.linkedin.com/in/mikkeldj,mikkel@pleo.io,Expense management,Business spending platform scaling in Europe
Valentin,Stalf,Founder & CEO,N26,https://n26.com,FinTech,Europe,1000+,https://www.linkedin.com/in/valentinstalf,valentin@n26.com,Mobile banking EU,European neobank scaling customer ops
Marqeta,Gardiner,CEO,Thought Machine,https://thoughtmachine.net,FinTech / Banking,United Kingdom,500-1000,https://www.linkedin.com/in/paulgardiner,paul@thoughtmachine.net,Core banking,Cloud banking platform scaling globally
Nik,Storonsky,CEO,Revolut,https://revolut.com,FinTech,United Kingdom,1000+,https://www.linkedin.com/in/nikolaystoronsky,nik@revolut.com,Super-app growth,Global fintech super-app scaling ops
Guillaume,Pousaz,Founder & CEO,Checkout.com,https://checkout.com,FinTech / Payments,United Kingdom,1000+,https://www.linkedin.com/in/gpousaz,guillaume@checkout.com,Payment processing,Enterprise payments platform scaling globally
Hiroki,Takeuchi,Co-Founder & CEO,GoCardless,https://gocardless.com,FinTech / Payments,United Kingdom,500-1000,https://www.linkedin.com/in/hirokitakeuchi,hiroki@gocardless.com,Direct debit scaling,Payment processing platform scaling UK/EU ops
Taavet,Hinrikus,Co-Founder,Wise,https://wise.com,FinTech,United Kingdom,1000+,https://www.linkedin.com/in/taavethinrikus,taavet@wise.com,Money transfer,International money transfer at massive scale
Daniel,Mateos,Co-Founder & CEO,Yokoy,https://yokoy.io,FinTech / Automation,Switzerland,100-500,https://www.linkedin.com/in/danielmateos,daniel@yokoy.io,Expense automation,AI expense management scaling in Europe
Lars,Markull,Founder,Salesflow,https://salesflow.io,SaaS / Sales,United Kingdom,10-50,https://www.linkedin.com/in/larsmarkull,lars@salesflow.io,LinkedIn automation,Sales automation tool scaling outbound ops
Manuel,Frigerio,Founder,ReferralHero,https://referralhero.com,SaaS / Growth,Europe,1-10,https://www.linkedin.com/in/manuelfrigerio,manuel@referralhero.com,Referral growth,Referral marketing platform scaling support
Sujan,Patel,Co-Founder,Mailshake,https://mailshake.com,SaaS / Sales,United States,10-50,https://www.linkedin.com/in/sujanpatel,sujan@mailshake.com,Sales outreach,Sales engagement tool scaling customer ops
Ian,Koniak,Founder,Untap Your Sales Potential,https://iankoniak.com,Sales Consulting,United States,1-10,https://www.linkedin.com/in/iankoniak,ian@iankoniak.com,Enterprise sales,Sales consultant scaling coaching ops
Liam,Martin,Co-Founder,Time Doctor,https://timedoctor.com,SaaS / Remote Work,Canada,50-200,https://www.linkedin.com/in/liammartin,liam@timedoctor.com,Remote work tools,Time tracking platform scaling support ops
Rob,Rawson,Co-Founder,Time Doctor,https://timedoctor.com,SaaS / Remote Work,Australia,50-200,https://www.linkedin.com/in/robrawson,rob@timedoctor.com,Distributed teams,Co-founder managing remote team operations
David,Darmanin,Founder & CEO,Hotjar,https://hotjar.com,SaaS / Analytics,Europe,100-500,https://www.linkedin.com/in/daviddarmanin,david@hotjar.com,Product analytics,Website analytics platform scaling globally
Spencer,Lanoue,Head of Growth,Hotjar,https://hotjar.com,SaaS / Analytics,Europe,100-500,https://www.linkedin.com/in/spencerlanoue,spencer@hotjar.com,Growth scaling,Growth leader managing user acquisition ops
Peep,Laja,Founder & CEO,Wynter,https://wynter.com,SaaS / Research,United States,10-50,https://www.linkedin.com/in/peeplaja,peep@wynter.com,B2B messaging,Message testing platform scaling research ops
Haris,Bacic,Co-Founder & CEO,Prismic,https://prismic.io,SaaS / CMS,Europe,50-200,https://www.linkedin.com/in/harisbacic,haris@prismic.io,Headless CMS,CMS platform scaling developer support
Ohad,Elhelo,Co-Founder & CEO,Entrio,https://entrio.io,SaaS / Events,Europe,10-50,https://www.linkedin.com/in/ohadelhelo,ohad@entrio.io,Event tech,Event management platform scaling event ops
Gaetano,DiNardi,VP of Growth,Aura,https://aura.com,SaaS / Security,United States,200-500,https://www.linkedin.com/in/gaetanodinardi,gaetano@aura.com,Identity protection,Consumer security platform scaling growth ops
Amanda,Natividad,VP of Marketing,SparkToro,https://sparktoro.com,SaaS / MarTech,United States,1-10,https://www.linkedin.com/in/amandanatividad,amanda@sparktoro.com,Audience research,Marketing research tool with lean team
Corey,Haines,Founder,SwipeWell,https://swipewell.app,SaaS / Marketing,United States,1-10,https://www.linkedin.com/in/coreyhainesco,corey@swipewell.app,Marketing tools,Ad swipe file tool with growing user base
Ross,Simmonds,Founder & CEO,Foundation Inc,https://foundationinc.co,B2B Marketing,Canada,10-50,https://www.linkedin.com/in/rosssimmonds,ross@foundationinc.co,Content marketing,B2B content agency scaling client operations
Benji,Hyam,Co-Founder,Grow and Convert,https://growandconvert.com,B2B Marketing,United States,10-50,https://www.linkedin.com/in/benjihyam,benji@growandconvert.com,Content strategy,Content marketing agency scaling production ops
Camille,Ricketts,Head of Content,Notion,https://notion.so,SaaS / Productivity,United States,500-1000,https://www.linkedin.com/in/camillericketts,camille@makenotion.com,Content ops,Managing content operations at productivity giant
Dave,Gerhardt,Founder & CEO,Exit Five,https://exitfive.com,B2B Community,United States,1-10,https://www.linkedin.com/in/davegerhardt,dave@exitfive.com,B2B community,Marketing community scaling membership ops
Chris,Savage,Co-Founder & CEO,Wistia,https://wistia.com,SaaS / Video,United States,100-500,https://www.linkedin.com/in/csavage,chris@wistia.com,Video platform,Business video platform scaling support ops
Brendan,Schwartz,Co-Founder & CTO,Wistia,https://wistia.com,SaaS / Video,United States,100-500,https://www.linkedin.com/in/brendanschwartz,brendan@wistia.com,Video infrastructure,CTO managing video hosting infrastructure
Dhiraj,Rajaram,Founder & CEO,Mu Sigma,https://mu-sigma.com,Analytics / Consulting,United States,1000+,https://www.linkedin.com/in/dhirajrajaram,dhiraj@mu-sigma.com,Analytics outsourcing,Analytics firm with massive operational teams
Matt,Mullenweg,Co-Founder & CEO,Automattic,https://automattic.com,SaaS / CMS,United States,1000+,https://www.linkedin.com/in/mattm,matt@automattic.com,WordPress empire,Fully distributed company powering 40% of web
Dries,Buytaert,Founder & CTO,Acquia,https://acquia.com,SaaS / CMS,United States,500-1000,https://www.linkedin.com/in/buytaert,dries@acquia.com,Drupal ecosystem,Open-source CMS platform scaling enterprise
Brian,Halligan,Co-Founder,HubSpot,https://hubspot.com,SaaS / CRM,United States,1000+,https://www.linkedin.com/in/brianhalligan,brian@hubspot.com,Inbound marketing,Pioneer of inbound marketing at massive scale
Katie,Burke,Chief People Officer,HubSpot,https://hubspot.com,SaaS / CRM,United States,1000+,https://www.linkedin.com/in/katieburke09,kburke@hubspot.com,People ops,CPO managing culture and hiring at scale
Nadia,Rawlinson,Chief People Officer,Slack,https://slack.com,SaaS / Comms,United States,1000+,https://www.linkedin.com/in/nadiarawlinson,nadia@slack.com,HR transformation,CPO managing distributed workforce scaling
Katelin,Holloway,VP of People,Reddit,https://reddit.com,Social / Community,United States,1000+,https://www.linkedin.com/in/katelinholloway,katelin@reddit.com,People scaling,VP People managing rapid community platform hiring
Colleen,McCreary,Chief People Officer,Credit Karma,https://creditkarma.com,FinTech,United States,1000+,https://www.linkedin.com/in/colleenmccreary,colleen@creditkarma.com,Fintech HR,CPO managing people ops at fintech scale
Nellie,Peshkov,VP of People,Figma,https://figma.com,SaaS / Design,United States,1000+,https://www.linkedin.com/in/nelliepeshkov,nellie@figma.com,Design culture,VP People scaling hiring at design platform
Gianna,Driver,Chief People Officer,Lattice,https://lattice.com,HR Tech,United States,500-1000,https://www.linkedin.com/in/giannadriver,gianna@lattice.com,HR Tech People,CPO at HR platform understands people ops deeply
Shannon,Ogborn,Head of People Ops,Lattice,https://lattice.com,HR Tech,United States,500-1000,https://www.linkedin.com/in/shannonogborn,shannon@lattice.com,People operations,Head of People Ops at leading HR tech company
Annie,Lin,VP of People,Lever,https://lever.co,HR Tech,United States,100-500,https://www.linkedin.com/in/annieclin,annie@lever.co,Recruiting tech,VP People at recruiting software company
Carin,Taylor,Chief Diversity Officer,Workday,https://workday.com,HR Tech / Enterprise,United States,1000+,https://www.linkedin.com/in/carintaylor,carin@workday.com,Enterprise HR,CDO managing diversity and inclusion at scale
Beth,Steinberg,VP of People & Talent,Chime,https://chime.com,FinTech,United States,500-1000,https://www.linkedin.com/in/bethsteinberg,beth@chime.com,Fintech hiring,VP managing talent acquisition at neobank
Stacy,Zapar,Head of Recruiting,Calendly,https://calendly.com,SaaS / Scheduling,United States,500-1000,https://www.linkedin.com/in/stacyzapar,stacy@calendly.com,Talent acquisition,Recruiting leader at scheduling platform
Mark,Levy,Head of Employee Experience,Airbnb,https://airbnb.com,Marketplace,United States,1000+,https://www.linkedin.com/in/marklevyux,mark@airbnb.com,EX innovation,Pioneer of employee experience design
Lars,Schmidt,Founder,Amplify,https://amplifytalent.com,HR Consulting,United States,10-50,https://www.linkedin.com/in/larsschmidt,lars@amplifytalent.com,HR innovation,HR thought leader advising scaling companies
Hung,Lee,Curator,Recruiting Brainfood,https://recruitingbrainfood.com,HR / Recruiting,United Kingdom,1-10,https://www.linkedin.com/in/hunglee,hung@recruitingbrainfood.com,Recruiting community,Leading recruiting newsletter curator globally
Nolan,Church,Co-Founder & CEO,Continuum,https://continuumhq.com,HR Tech,United States,10-50,https://www.linkedin.com/in/nolanchurch,nolan@continuumhq.com,Comp benchmarking,Former Carta CPO building compensation tool
Matt,Charney,Chief Content Officer,Recruiting Daily,https://recruitingdaily.com,HR Media,United States,10-50,https://www.linkedin.com/in/mattcharney,matt@recruitingdaily.com,HR content,Leading HR media platform content leader
Becky,Cantieri,Chief People Officer,SurveyMonkey,https://surveymonkey.com,SaaS,United States,500-1000,https://www.linkedin.com/in/beckycantieri,becky@surveymonkey.com,People strategy,CPO managing people ops at survey platform
Jessica,Hayes,VP of People,Whereby,https://whereby.com,SaaS / Video,Europe,50-200,https://www.linkedin.com/in/jessicahayes,jessica@whereby.com,Remote HR,VP People at fully remote video platform
Lexi,Reese,COO,Gusto,https://gusto.com,HR Tech / FinTech,United States,500-1000,https://www.linkedin.com/in/lexireese,lexi@gusto.com,Operations scaling,COO managing operational growth at payroll platform
Brian,Kropp,VP of HR Research,Gartner,https://gartner.com,Research / Consulting,United States,1000+,https://www.linkedin.com/in/briankropp,brian.kropp@gartner.com,HR research,VP researching HR trends at enterprise advisory
David,Green,Director of People Analytics,Insight222,https://insight222.com,HR Tech / Consulting,United Kingdom,10-50,https://www.linkedin.com/in/davidrgreen,david@insight222.com,People analytics,Leading expert on people analytics and HR data
Dawn,Klinghoffer,Head of People Analytics,Microsoft,https://microsoft.com,Technology,United States,1000+,https://www.linkedin.com/in/dawnklinghoffer,dawn@microsoft.com,People analytics,Head of people analytics at global tech giant
Noelle,Eder,Chief People Officer,Zurich Insurance,https://zurich.com,Insurance,Switzerland,1000+,https://www.linkedin.com/in/noelleeder,noelle@zurich.com,Insurance HR,CPO managing global insurance workforce
Donna,Morris,Chief People Officer,Walmart,https://walmart.com,Retail,United States,1000+,https://www.linkedin.com/in/donna-morris,donna@walmart.com,Enterprise retail,CPO managing 2M employees globally
Tracy,Keogh,Chief People Officer,HP,https://hp.com,Technology,United States,1000+,https://www.linkedin.com/in/tracykeogh,tracy@hp.com,Enterprise tech,CPO managing global tech workforce
Bozoma,Saint John,CMO & Growth Leader,Various,https://linkedin.com/in/bikibi,Marketing / Leadership,United States,1000+,https://www.linkedin.com/in/bikibi,bozoma@gmail.com,Brand leadership,Former Netflix and Uber marketing executive
Daniel,Chait,Co-Founder & CEO,Greenhouse,https://greenhouse.io,HR Tech / Recruiting,United States,500-1000,https://www.linkedin.com/in/danielchait,daniel@greenhouse.io,ATS platform,Leading applicant tracking system CEO
Jon,Stross,Co-Founder & President,Greenhouse,https://greenhouse.io,HR Tech / Recruiting,United States,500-1000,https://www.linkedin.com/in/jonstross,jon@greenhouse.io,Recruiting ops,Co-founder managing recruiting product ops
Erin,Grau,Co-Founder & COO,Charter,https://charterworks.com,HR / Future of Work,United States,10-50,https://www.linkedin.com/in/eringrau,erin@charterworks.com,Future of work,COO building future of work advisory platform
Kieran,Snyder,Co-Founder & CEO,Textio,https://textio.com,HR Tech / AI,United States,50-200,https://www.linkedin.com/in/kieransnyder,kieran@textio.com,Inclusive hiring,AI hiring language platform CEO
Andrew,Chamberlin,Chief Economist,Glassdoor,https://glassdoor.com,HR Tech,United States,500-1000,https://www.linkedin.com/in/andrewchamberlin,andrew@glassdoor.com,Labor analytics,Chief economist managing employment data
Christian,Sutherland-Wong,CEO,Glassdoor,https://glassdoor.com,HR Tech,United States,500-1000,https://www.linkedin.com/in/christiansw,christian@glassdoor.com,Employer brand,CEO managing global job review platform
Heyward,Donigan,CEO,Rite Aid,https://riteaid.com,Healthcare / Retail,United States,1000+,https://www.linkedin.com/in/heywarddonigan,heyward@riteaid.com,Ops restructuring,CEO restructuring massive retail operations
Robert,Hohman,Co-Founder,Glassdoor,https://glassdoor.com,HR Tech,United States,500-1000,https://www.linkedin.com/in/roberthohman,robert@glassdoor.com,Employment platform,Co-founder of leading employer review platform
Adam,Grant,Organizational Psychologist,Wharton,https://adamgrant.net,Education / HR Consulting,United States,1-10,https://www.linkedin.com/in/adammgrant,adam@adamgrant.net,Work culture,Leading organizational psychology thought leader
Patty,McCord,HR Consultant,Patty McCord Consulting,https://pattymccord.com,HR Consulting,United States,1-10,https://www.linkedin.com/in/pattymccord,patty@pattymccord.com,Netflix culture,Former Netflix CHRO and culture pioneer
Laszlo,Bock,Co-Founder & CEO,Humu,https://humu.com,HR Tech / AI,United States,50-200,https://www.linkedin.com/in/laszlobock,laszlo@humu.com,People science,Former Google SVP People building AI HR tool
Johnny,Campbell,Co-Founder & CEO,SocialTalent,https://socialtalent.com,HR Tech / Learning,United Kingdom,50-200,https://www.linkedin.com/in/johnnycampbell,johnny@socialtalent.com,Recruiter training,Recruiting skills platform scaling globally
Matt,Alder,Founder,Metashift,https://metashift.co.uk,HR Consulting,United Kingdom,1-10,https://www.linkedin.com/in/mattalder,matt@metashift.co.uk,Recruiting future,HR tech analyst and recruiting futurist
Adam,Karpiak,Founder,Karpiak Consulting,https://linkedin.com/in/adamkarpiak,HR / Recruiting,United States,1-10,https://www.linkedin.com/in/adamkarpiak,adam@karpiak.com,Recruiting content,Leading recruiter content creator
Tim,Sackett,President,HRU Technical Resources,https://timsackett.com,HR Consulting / Staffing,United States,50-200,https://www.linkedin.com/in/timsackett,tim@hrutechnical.com,Staffing leadership,HR thought leader managing staffing operations
Amy,Schultz,VP of Talent Acquisition,LinkedIn,https://linkedin.com,SaaS / HR,United States,1000+,https://www.linkedin.com/in/amyschultz,amy@linkedin.com,TA leadership,VP managing recruiting at the recruiting platform
Jennifer,Shappley,VP of Talent,LinkedIn,https://linkedin.com,SaaS / HR,United States,1000+,https://www.linkedin.com/in/jennifershappley,jennifer@linkedin.com,Talent strategy,VP leading global talent strategy
Pat,Wadors,Chief People Officer,UKG,https://ukg.com,HR Tech,United States,1000+,https://www.linkedin.com/in/patwadors,pat@ukg.com,HR tech platform,CPO at leading workforce management platform
Ellyn,Shook,Chief Leadership & HR Officer,Accenture,https://accenture.com,Consulting,United States,1000+,https://www.linkedin.com/in/ellynshook,ellyn@accenture.com,Enterprise HR,CHRO managing 700K employees globally
Nickle,LaMoreaux,Chief Human Resources Officer,IBM,https://ibm.com,Technology,United States,1000+,https://www.linkedin.com/in/nicklelamoreaux,nickle@ibm.com,AI HR transformation,CHRO leading AI-driven HR transformation
Bettina,Deynes,Chief People & Culture Officer,SHRM,https://shrm.org,HR / Professional,United States,500-1000,https://www.linkedin.com/in/bettinadeynes,bettina@shrm.org,HR standards,CPO at the world's largest HR professional body
Steve,Cadigan,Talent Advisor,Cadigan Talent Ventures,https://stevecadigan.com,HR Consulting,United States,1-10,https://www.linkedin.com/in/cadigan,steve@stevecadigan.com,Talent strategy,Former LinkedIn VP Talent turned advisor
Shannon,Brayton,Chief Marketing & People Officer,LiveRamp,https://liveramp.com,SaaS / Data,United States,500-1000,https://www.linkedin.com/in/shannonbrayton,shannon@liveramp.com,Dual CMO CPO,Unique dual marketing and people role
Teuila,Hanson,Chief People Officer,LinkedIn,https://linkedin.com,SaaS / HR,United States,1000+,https://www.linkedin.com/in/teuilahanson,teuila@linkedin.com,Global people,CPO managing people operations at LinkedIn
Sarah,Nahm,Founder & CEO,Lever,https://lever.co,HR Tech / Recruiting,United States,100-500,https://www.linkedin.com/in/sarahnahm,sarah@lever.co,Modern recruiting,CEO building modern recruiting platform
Aman,Brar,CEO,Canvas GFX,https://canvasgfx.com,SaaS / Enterprise,Canada,100-500,https://www.linkedin.com/in/amanbrar,aman@canvasgfx.com,Enterprise scaling,CEO scaling enterprise document platform
Kathryn,Minshew,Co-Founder & CEO,The Muse,https://themuse.com,HR Tech / Careers,United States,100-500,https://www.linkedin.com/in/kathrynminshew,kathryn@themuse.com,Career platform,CEO of career development platform for companies
Alex,Chung,Co-Founder & CEO,Mango Languages,https://mangolanguages.com,EdTech / HR,United States,50-200,https://www.linkedin.com/in/alexchung,alex@mangolanguages.com,L&D platform,Language learning platform for workforce development
Kara,Yarnot,Founder,Meritage Talent Solutions,https://meritagetalen.com,HR Consulting,United States,10-50,https://www.linkedin.com/in/karayarnot,kara@meritagetalent.com,TA consulting,Talent acquisition consulting firm founder
Glen,Cathey,SVP Digital Strategy & Innovation,Randstad,https://randstad.com,Staffing / HR,United States,1000+,https://www.linkedin.com/in/glencathey,glen@randstad.com,Recruiting innovation,SVP driving digital innovation in staffing
Jim,Stroud,VP of Marketing,Proactive Talent,https://proactivetalent.com,HR Consulting,United States,10-50,https://www.linkedin.com/in/jimstroud,jim@proactivetalent.com,TA marketing,HR marketing leader at talent consulting firm
Josh,Bersin,Founder & CEO,Josh Bersin Company,https://joshbersin.com,HR Research,United States,50-200,https://www.linkedin.com/in/beraborea,josh@bersin.com,HR industry analyst,The most influential HR industry analyst globally
Meghan,Biro,Founder & CEO,TalentCulture,https://talentculture.com,HR Media,United States,10-50,https://www.linkedin.com/in/meghanbiro,meghan@talentculture.com,HR media,HR brand and workplace culture media leader
William,Tincup,President & Editor,Recruiting Daily,https://recruitingdaily.com,HR Media,United States,10-50,https://www.linkedin.com/in/tincup,william@recruitingdaily.com,HR media,Leading voice in recruiting technology media
Gretchen,Alarcon,VP Human Capital Management,ServiceNow,https://servicenow.com,SaaS / Enterprise,United States,1000+,https://www.linkedin.com/in/gretchenalarcon,gretchen@servicenow.com,HR workflows,VP managing HR service delivery products
David,Hanrahan,VP of People,Eventbrite,https://eventbrite.com,SaaS / Events,United States,500-1000,https://www.linkedin.com/in/davidhanrahan,david@eventbrite.com,Event tech HR,VP People scaling event platform workforce
Danielle,Monaghan,VP of Talent,Amazon Web Services,https://aws.amazon.com,Cloud / SaaS,United States,1000+,https://www.linkedin.com/in/daniellemonaghan,danielle@amazon.com,Cloud talent,VP managing talent acquisition at AWS
Maia,Josebachvili,VP of People & Strategy,Stripe,https://stripe.com,FinTech,United States,1000+,https://www.linkedin.com/in/maiajosebachvili,maia@stripe.com,Fintech people,VP People & Strategy at payments giant
Brian,Rumao,VP of Enterprise Sales,LinkedIn,https://linkedin.com,SaaS / HR,United States,1000+,https://www.linkedin.com/in/brianrumao,brian@linkedin.com,Enterprise talent,VP selling talent solutions to enterprises
Mark,Crowley,Leadership Consultant,Mark C Crowley,https://markccrowley.com,HR Consulting / Leadership,United States,1-10,https://www.linkedin.com/in/markccrowley,mark@markccrowley.com,Heart-led leadership,Author and leadership consultant for HR leaders
Carmen,Hudson,Founder,Recruiting Toolbox,https://recruitingtoolbox.com,HR Consulting,United States,10-50,https://www.linkedin.com/in/carmenhudson,carmen@recruitingtoolbox.com,TA consulting,Recruiting strategy consulting pioneer
James,Ellis,Director of Employer Brand,Universum,https://universumglobal.com,HR Tech / Branding,United States,100-500,https://www.linkedin.com/in/thewarfortalent,james@universumglobal.com,Employer branding,Leading employer brand strategist
Joel,Lalgee,Founder,The Realest Recruiter,https://realestrecruiter.com,HR / Recruiting,United States,1-10,https://www.linkedin.com/in/joellalgee,joel@realestrecruiter.com,Recruiting content,Top recruiting content creator on LinkedIn
Madeline,Laurano,Founder & Chief Analyst,Aptitude Research,https://aptituderesearch.com,HR Tech Research,United States,1-10,https://www.linkedin.com/in/madelinelaurano,madeline@aptituderesearch.com,HR tech research,Leading HR technology analyst
Stacey,Harris,Chief Research Officer,Sapient Insights Group,https://sapientinsights.com,HR Research,United States,10-50,https://www.linkedin.com/in/staceyharris,stacey@sapientinsights.com,HR systems research,Leading HR systems research analyst
Torin,Ellis,Founder,Torin Ellis Brand,https://torinellis.com,HR / DEI Consulting,United States,1-10,https://www.linkedin.com/in/torinellis,torin@torinellis.com,DEI strategy,Leading diversity recruiting strategist
Jason,Averbook,CEO & Co-Founder,Leapgen,https://leapgen.com,HR Tech / Consulting,United States,10-50,https://www.linkedin.com/in/jasonaverbook,jason@leapgen.com,Digital HR,HR digital transformation consulting leader
John,Vlastelica,Founder & CEO,Recruiting Toolbox,https://recruitingtoolbox.com,HR Consulting,United States,10-50,https://www.linkedin.com/in/johnvlastelica,john@recruitingtoolbox.com,TA strategy,Recruiting strategy and hiring manager training
Marcus,Buckingham,Head of People & Performance,ADP,https://adp.com,HR Tech,United States,1000+,https://www.linkedin.com/in/marcusbuckingham,marcus@adp.com,Strengths research,Leading people performance researcher at ADP
Nick,Francis,Co-Founder & CEO,Help Scout,https://helpscout.com,SaaS / CX,United States,50-200,https://www.linkedin.com/in/nickfrancis,nick@helpscout.com,Remote CS team,Help desk platform with fully remote team needs ops
Denny,Swindell,Co-Founder & CEO,Help Scout,https://helpscout.com,SaaS / CX,United States,50-200,https://www.linkedin.com/in/dennyswindell,denny@helpscout.com,Support scaling,Co-founder managing customer support operations
Mikita,Mikado,Co-Founder & CEO,PandaDoc,https://pandadoc.com,SaaS / Sales,United States,100-500,https://www.linkedin.com/in/mikitamikado,mikita@pandadoc.com,Doc automation,Document automation platform scaling sales ops
Serge,Bielanko,Co-Founder,PandaDoc,https://pandadoc.com,SaaS / Sales,United States,100-500,https://www.linkedin.com/in/sergehq,serge@pandadoc.com,Sales enablement,Co-founder managing enterprise sales enablement
Kris,Rudeegraap,Co-Founder & CEO,Sendoso,https://sendoso.com,SaaS / Sales,United States,100-500,https://www.linkedin.com/in/krisrudeegraap,kris@sendoso.com,Gifting platform,Direct mail platform scaling fulfillment ops
Braydan,Young,Co-Founder,Sendoso,https://sendoso.com,SaaS / Sales,United States,100-500,https://www.linkedin.com/in/braydanyoung,braydan@sendoso.com,Sales engagement,Co-founder managing gifting logistics ops
Nir,Eyal,Author & Consultant,NirAndFar,https://nirandfar.com,Consulting / Education,United States,1-10,https://www.linkedin.com/in/nireyal,nir@nirandfar.com,Behavioral design,Author needs ops support for speaking and consulting
Andrew,Gazdecki,Founder & CEO,Acquire.com,https://acquire.com,Marketplace / SaaS,United States,10-50,https://www.linkedin.com/in/agazdecki,andrew@acquire.com,Startup marketplace,Startup acquisition marketplace scaling deal ops
Steli,Efti,Co-Founder & CEO,Close,https://close.com,SaaS / CRM,United States,50-200,https://www.linkedin.com/in/steliefti,steli@close.com,Inside sales CRM,Sales CRM for SMBs needs support team scaling
Alex,Turnbull,Founder & CEO,Groove,https://groovehq.com,SaaS / CX,United States,10-50,https://www.linkedin.com/in/alexturnbull,alex@groovehq.com,Help desk growth,Small help desk platform needs ops to scale
Mathew,Sweezey,Principal of Marketing,Salesforce,https://salesforce.com,SaaS / CRM,United States,1000+,https://www.linkedin.com/in/msweezey,mathew@salesforce.com,Marketing strategy,Marketing leader managing enterprise campaigns
Beamer,Wilkins,Founder & CEO,Assembly,https://joinassembly.com,SaaS / HR,United States,10-50,https://www.linkedin.com/in/beamerwilkins,beamer@joinassembly.com,Employee engagement,Employee recognition platform scaling support
Danielle,Morrill,Co-Founder & CEO,Mattermark,https://mattermark.com,SaaS / Data,United States,10-50,https://www.linkedin.com/in/daniellemorrill,danielle@mattermark.com,Startup data,Startup data platform with lean team
Loom,Video,CEO,Joe Thomas,https://loom.com,SaaS / Video,United States,100-500,https://www.linkedin.com/in/joethomas,joe@loom.com,Async video,Video messaging platform scaling support ops
Vinay,Hiremath,Co-Founder & CTO,Loom,https://loom.com,SaaS / Video,United States,100-500,https://www.linkedin.com/in/vinayhiremath,vinay@loom.com,Video infrastructure,CTO managing video platform infrastructure
David,Hsu,Co-Founder & CEO,Retool,https://retool.com,SaaS / Dev Tools,United States,100-500,https://www.linkedin.com/in/dvdhsu,david@retool.com,Internal tools,Internal tools platform scaling enterprise support
Dennis,Pilarinos,Founder & CEO,Unblocked,https://getunblocked.com,AI / Dev Tools,Canada,10-50,https://www.linkedin.com/in/dennispilarinos,dennis@getunblocked.com,Dev productivity,AI dev tools startup needs lean ops support
Eoghan,McCabe,CEO,Intercom,https://intercom.com,SaaS / CX,United States,500-1000,https://www.linkedin.com/in/eoghanmccabe,eoghan@intercom.com,Customer comms,Messaging platform scaling global support ops
Ryan,Carson,Founder,Treehouse,https://teamtreehouse.com,EdTech,United States,50-200,https://www.linkedin.com/in/ryancarson,ryan@teamtreehouse.com,Online learning,Coding education platform with content ops needs
Laura,Roeder,Founder & CEO,Paperbell,https://paperbell.com,SaaS / Coaching,United States,10-50,https://www.linkedin.com/in/lauraroeder,laura@paperbell.com,Coach platform,Coaching business platform needs admin ops
Aytekin,Tank,Founder & CEO,Jotform,https://jotform.com,SaaS / Forms,United States,100-500,https://www.linkedin.com/in/aytetank,aytekin@jotform.com,Form builder,Bootstrapped form builder with massive user base
Derric,Haynie,Co-Founder & CEO,SuperOrdinary,https://superordinary.com,E-Commerce / Agency,United States,50-200,https://www.linkedin.com/in/derrichaynie,derric@superordinary.com,DTC brands,E-commerce agency scaling brand management ops
Nik,Sharma,CEO,Sharma Brands,https://sharmabrands.com,E-Commerce / Agency,United States,10-50,https://www.linkedin.com/in/mrniksharma,nik@sharmabrands.com,DTC growth,DTC brand agency scaling client ops
Ezra,Firestone,Founder & CEO,Smart Marketer,https://smartmarketer.com,E-Commerce / Education,United States,10-50,https://www.linkedin.com/in/ezrafirestone,ezra@smartmarketer.com,E-com education,E-commerce educator scaling business operations
Chase,Dimond,Founder,Chase Dimond Agency,https://chasedimond.com,E-Commerce / Email,United States,10-50,https://www.linkedin.com/in/chasedimond,chase@chasedimond.com,Email marketing,E-commerce email agency scaling client campaigns
Kurt,Elster,Founder,Ethercycle,https://ethercycle.com,E-Commerce / Shopify,United States,1-10,https://www.linkedin.com/in/kurtelster,kurt@ethercycle.com,Shopify expert,Shopify consultancy needs ops to scale services
Leanne,Pittsford,Founder & CEO,Lesbians Who Tech,https://lesbianswhotech.org,Community / Tech,United States,10-50,https://www.linkedin.com/in/leannepittsford,leanne@lesbianswhotech.org,Tech community,Large tech community scaling event operations
Rand,Fishkin,Co-Founder,SparkToro,https://sparktoro.com,SaaS / MarTech,United States,1-10,https://www.linkedin.com/in/randfishkin,rand@sparktoro.com,Lean team,Audience research tool with tiny team needs ops
Eric,Siu,CEO,Single Grain,https://singlegrain.com,Agency / Marketing,United States,50-200,https://www.linkedin.com/in/ericsiu,eric@singlegrain.com,Digital agency,Digital marketing agency scaling client ops
Neil,Patel,Co-Founder,NP Digital,https://npdigital.com,Agency / Marketing,United States,500-1000,https://www.linkedin.com/in/neilkpatel,neil@npdigital.com,SEO empire,Massive marketing agency scaling global ops
Hiten,Shah,Co-Founder,Nira,https://nira.com,SaaS / Security,United States,10-50,https://www.linkedin.com/in/hitenshah,hiten@nira.com,Security startup,Access control startup with lean team
Andrew,Warner,Founder,Mixergy,https://mixergy.com,Media / Education,United States,1-10,https://www.linkedin.com/in/andrewwarner,andrew@mixergy.com,Interview empire,Business interview platform needs content ops
Andrew,Wilkinson,Co-Founder,Tiny,https://tiny.com,Venture / Holding,Canada,50-200,https://www.linkedin.com/in/awilkinson,andrew@tiny.com,Portfolio ops,Holding company managing multiple business ops
Chris,Ducker,Founder & CEO,Youpreneur,https://youpreneur.com,Education / Consulting,United Kingdom,10-50,https://www.linkedin.com/in/chrisducker,chris@youpreneur.com,Personal brand,Personal brand educator needs VA and ops support
Mike,Michalowicz,Author & CEO,Profit First Professionals,https://profitfirstprofessionals.com,Consulting / Accounting,United States,10-50,https://www.linkedin.com/in/mikemichalowicz,mike@mikemichalowicz.com,Financial ops,Business author scaling consulting operations
John,Lee Dumas,Founder & Host,Entrepreneurs on Fire,https://eofire.com,Media / Education,United States,1-10,https://www.linkedin.com/in/johnleedumas,john@eofire.com,Podcast empire,Podcast entrepreneur needs production ops
Jack,Butcher,Founder,Visualize Value,https://visualizevalue.com,Education / Design,United States,1-10,https://www.linkedin.com/in/jackbutcher,jack@visualizevalue.com,Creator scaling,Design educator scaling digital products ops
Dan,Martell,Founder & CEO,SaaS Academy,https://saasacademy.com,Education / SaaS,Canada,50-200,https://www.linkedin.com/in/danmartell,dan@saasacademy.com,SaaS coaching,SaaS coaching company scaling coaching ops
Lenny,Rachitsky,Author,Lenny's Newsletter,https://lennysnewsletter.com,Media / Product,United States,1-10,https://www.linkedin.com/in/lennyrachitsky,lenny@lennyrachitsky.com,Newsletter empire,Top product newsletter needs content ops
Dickie,Bush,Co-Founder,Ship 30 for 30,https://ship30for30.com,Education / Writing,United States,1-10,https://www.linkedin.com/in/dickiebu,dickie@ship30for30.com,Writing cohorts,Writing course scaling cohort operations
Nicolas,Cole,Co-Founder,Ship 30 for 30,https://ship30for30.com,Education / Writing,United States,1-10,https://www.linkedin.com/in/nicolascole,cole@ship30for30.com,Creator economy,Writing educator scaling course operations
Kevon,Cheung,Founder,Build in Public Mastery,https://kevoncheung.com,Education / SaaS,Asia,1-10,https://www.linkedin.com/in/kevoncheung,kevon@kevoncheung.com,Creator educator,Build in public educator scaling business
James,Clear,Author & CEO,Atomic Habits,https://jamesclear.com,Media / Education,United States,10-50,https://www.linkedin.com/in/jamesclear,james@jamesclear.com,Book empire,Bestselling author scaling business operations
Aazar,Shad,Head of Growth,Userpilot,https://userpilot.com,SaaS / Product,United Kingdom,50-200,https://www.linkedin.com/in/aaborea,aazar@userpilot.com,PLG growth,Head of growth at product adoption platform
Yasmeen,Turayhi,Founder,Product Marketing Alliance,https://productmarketingalliance.com,Community / Marketing,United Kingdom,10-50,https://www.linkedin.com/in/yasmeenturayhi,yasmeen@productmarketingalliance.com,PMM community,Product marketing community scaling event ops
April,Dunford,Founder,Ambient Strategy,https://aprildunford.com,Consulting / Positioning,Canada,1-10,https://www.linkedin.com/in/aprildunford,april@aprildunford.com,Positioning expert,Positioning consultant scaling advisory ops
Wes,Bush,Founder & CEO,ProductLed,https://productled.com,SaaS / Consulting,Canada,10-50,https://www.linkedin.com/in/wesbush,wes@productled.com,PLG consulting,Product-led growth academy scaling courses
Kyle,Poyar,Partner,OpenView,https://openviewpartners.com,Venture Capital,United States,50-200,https://www.linkedin.com/in/kylepoyar,kyle@openviewpartners.com,PLG investing,Growth partner at VC firm advising portfolio ops
Elena,Verna,Growth Advisor,Reforge,https://reforge.com,SaaS / Education,United States,50-200,https://www.linkedin.com/in/elenaverna,elena@reforge.com,Growth strategy,Growth advisor managing consulting operations
Adam,Robinson,Founder & CEO,RB2B,https://rb2b.com,SaaS / Sales,United States,10-50,https://www.linkedin.com/in/adam-robinson-rb2b,adam@rb2b.com,Visitor ID,Website visitor identification tool scaling fast
Chris,Orlob,CEO,QuotaSignal,https://quotasignal.com,SaaS / Sales,United States,10-50,https://www.linkedin.com/in/chrisorlob,chris@quotasignal.com,Sales intelligence,Former Gong leader building sales analytics
Udi,Ledergor,CMO,Gong,https://gong.io,SaaS / Sales,United States,500-1000,https://www.linkedin.com/in/udiledergor,udi@gong.io,Revenue intelligence,CMO managing marketing ops at sales AI platform
Amit,Bendov,Co-Founder & CEO,Gong,https://gong.io,SaaS / Sales,United States,500-1000,https://www.linkedin.com/in/amitbendov,amit@gong.io,Conversation AI,CEO scaling revenue intelligence platform
Yamini,Rangan,CEO,HubSpot,https://hubspot.com,SaaS / CRM,United States,1000+,https://www.linkedin.com/in/yaminirangan,yamini@hubspot.com,CRM platform,CEO managing massive CRM platform operations
Max,Altschuler,Founder,GTMfund,https://gtmfund.com,Venture / Sales,United States,10-50,https://www.linkedin.com/in/maxaltschuler,max@gtmfund.com,GTM investing,GTM-focused fund managing portfolio ops
Sam,McKenna,Founder & CEO,#samsales Consulting,https://samsalesconsulting.com,Sales Consulting,United States,10-50,https://www.linkedin.com/in/sammckenna,sam@samsalesconsulting.com,Sales training,Sales consulting firm scaling client ops
Sangram,Vajre,Co-Founder & CEO,GTM Partners,https://gtmpartners.com,SaaS / Consulting,United States,10-50,https://www.linkedin.com/in/sangramvajre,sangram@gtmpartners.com,GTM strategy,Go-to-market consulting scaling advisory ops
Jacco,van der Kooij,Founder,Winning by Design,https://winningbydesign.com,SaaS / Consulting,United States,50-200,https://www.linkedin.com/in/jaccovanderkooij,jacco@winningbydesign.com,Revenue architecture,SaaS revenue consulting with global operations
Mark,Roberge,Co-Founder,Stage 2 Capital,https://stage2.capital,Venture Capital,United States,10-50,https://www.linkedin.com/in/markroberge,mark@stage2.capital,Sales-led VC,Former HubSpot CRO investing in sales-led startups
Aaron,Ross,Co-Founder & CEO,Predictable Revenue,https://predictablerevenue.com,SaaS / Consulting,Canada,10-50,https://www.linkedin.com/in/aaronross,aaron@predictablerevenue.com,Outbound scaling,Outbound sales methodology founder scaling ops
Mary,Shea,Global Innovation Evangelist,Various,https://linkedin.com/in/maryeshea,SaaS / Sales,United States,1-10,https://www.linkedin.com/in/maryeshea,mary@maryshea.com,Sales innovation,Sales tech evangelist with consulting practice
Scott,Leese,Founder & CEO,Scott Leese Consulting,https://scottleese.com,Sales Consulting,United States,10-50,https://www.linkedin.com/in/scottleese,scott@scottleese.com,Sales advisory,Sales leader advisor scaling consulting ops
Morgan,Ingram,Founder,AMP Creative,https://maborea.com,Sales Consulting / Content,United States,1-10,https://www.linkedin.com/in/morganjingram,morgan@morganingram.com,Sales content,Sales content creator and trainer scaling ops
Becc,Holland,Founder & CEO,Flip the Script,https://flipthescript.com,Sales Consulting,United States,1-10,https://www.linkedin.com/in/beccholland,becc@flipthescript.com,Discovery training,Sales training founder needs admin ops support
Josh,Braun,Founder,Josh Braun Sales,https://joshbraun.com,Sales Consulting,United States,1-10,https://www.linkedin.com/in/joshbraun,josh@joshbraun.com,Cold outreach,Sales trainer scaling course and content ops
Will,Allred,Co-Founder & COO,Lavender,https://lavender.ai,AI / Sales,United States,10-50,https://www.linkedin.com/in/willallred,will@lavender.ai,AI email coach,AI email coaching tool startup scaling fast
Chris,Fountain,CEO,Agency Savvy,https://agencysavvy.com,Agency / Consulting,United Kingdom,10-50,https://www.linkedin.com/in/chrisfountain,chris@agencysavvy.com,Agency ops,Agency operations consultancy scaling clients
Troy,Dean,Founder & CEO,Agency Mavericks,https://agencymavericks.com,Agency / Education,Australia,10-50,https://www.linkedin.com/in/troydean,troy@agencymavericks.com,Agency coaching,Agency coaching platform scaling membership ops
Pia,Silva,Founder,No BS Agency,https://nobsagencies.com,Agency / Consulting,United States,1-10,https://www.linkedin.com/in/piasilva,pia@nobsagencies.com,Agency branding,Branding agency consultant scaling client work
Marcel,Petitpas,CEO & Co-Founder,Parakeeto,https://parakeeto.com,SaaS / Agency,Canada,10-50,https://www.linkedin.com/in/marcelpetitpas,marcel@parakeeto.com,Agency profitability,Agency profitability tool needs ops support
Karl,Hughes,Founder & CEO,Draft.dev,https://draft.dev,Agency / Content,United States,10-50,https://www.linkedin.com/in/karlhughes,karl@draft.dev,Dev content,Technical content agency scaling writer ops
Tommy,Walker,Founder,The Content Studio,https://thecontentstudio.com,Agency / Content,United States,1-10,https://www.linkedin.com/in/tommyismyname,tommy@thecontentstudio.com,Content ops,Content strategy consultancy scaling production
Devin,Reed,Founder,The Reeder,https://daborea.com,Media / Sales,United States,1-10,https://www.linkedin.com/in/devinreed,devin@thereeder.com,Content creator,Sales content creator scaling newsletter ops
Chris,Do,Founder & CEO,The Futur,https://thefutur.com,Education / Design,United States,10-50,https://www.linkedin.com/in/thechrisdo,chris@thefutur.com,Design education,Design education company scaling course ops
Roberto,Blake,Founder & CEO,Create Awesome Media,https://robertoblake.com,Media / Education,United States,1-10,https://www.linkedin.com/in/robertoblake,roberto@robertoblake.com,Creator economy,Creator educator scaling content production ops
Sunny,Lenarduzzi,Founder & CEO,YouTube for Bosses,https://sunnylenarduzzi.com,Education / Video,Canada,10-50,https://www.linkedin.com/in/sunnylenarduzzi,sunny@sunnylenarduzzi.com,Video courses,Video course creator scaling student support ops
Greg,Isenberg,CEO,Late Checkout,https://latecheckout.com,Venture / Community,Canada,10-50,https://www.linkedin.com/in/gregisenberg,greg@latecheckout.com,Community building,Community holding company scaling portfolio ops
Codie,Sanchez,Founder & CEO,Contrarian Thinking,https://codiasanchez.com,Media / Investing,United States,10-50,https://www.linkedin.com/in/codiesanchez,codie@contrarianthinking.co,Boring businesses,Small business acquisition educator scaling ops
Danny,Iny,Founder & CEO,Mirasee,https://mirasee.com,Education / Coaching,Canada,50-200,https://www.linkedin.com/in/dannyiny,danny@mirasee.com,Course creation,Online course business scaling coaching ops
Stu,McLaren,Co-Founder,Searchie,https://searchie.io,SaaS / Education,Canada,10-50,https://www.linkedin.com/in/stumclaren,stu@searchie.io,Membership platform,Membership platform for creators scaling support
Gerard,Adams,Founder & CEO,Leaders Create Leaders,https://gerardadams.com,Education / Media,United States,10-50,https://www.linkedin.com/in/gerardadams,gerard@gerardadams.com,Millennial branding,Media company scaling content and event ops
Shaan,Hathiramani,CEO,Flockjay,https://flockjay.com,EdTech / Sales,United States,10-50,https://www.linkedin.com/in/shaanhathiramani,shaan@flockjay.com,Sales training,Sales training platform for diverse talent
Mike,McDerment,Co-Founder & CEO,FreshBooks,https://freshbooks.com,SaaS / Accounting,Canada,200-500,https://www.linkedin.com/in/mikemcderment,mike@freshbooks.com,SMB accounting,Cloud accounting for SMBs scaling customer support
Amir,Salihefendic,Founder & CEO,Doist,https://doist.com,SaaS / Productivity,Europe,50-200,https://www.linkedin.com/in/amirs,amir@doist.com,Remote-first,Todoist maker with fully remote team scaling ops
Chase,Buckner,VP of Marketing,GoHighLevel,https://gohighlevel.com,SaaS / Agency,United States,100-500,https://www.linkedin.com/in/chasebuckner,chase@gohighlevel.com,Agency SaaS,All-in-one agency platform scaling customer ops
Shaun,Clark,Co-Founder & CEO,GoHighLevel,https://gohighlevel.com,SaaS / Agency,United States,100-500,https://www.linkedin.com/in/shaunclark,shaun@gohighlevel.com,Agency platform,CEO managing fast-growing agency SaaS operations
Varun,Vairavan,Co-Founder,GoHighLevel,https://gohighlevel.com,SaaS / Agency,United States,100-500,https://www.linkedin.com/in/varunvairavan,varun@gohighlevel.com,Platform scaling,Co-founder managing platform infrastructure
Allan,Dib,Author & CEO,Successwise,https://successwise.com,Education / Marketing,Australia,10-50,https://www.linkedin.com/in/allandib,allan@successwise.com,Marketing plans,Marketing author scaling consulting operations
Russell,Brunson,Co-Founder & CEO,ClickFunnels,https://clickfunnels.com,SaaS / Marketing,United States,200-500,https://www.linkedin.com/in/russbrunson,russell@clickfunnels.com,Funnel empire,Marketing funnel platform scaling support ops
Todd,Dickerson,Co-Founder & CTO,ClickFunnels,https://clickfunnels.com,SaaS / Marketing,United States,200-500,https://www.linkedin.com/in/todddickerson,todd@clickfunnels.com,Tech scaling,CTO managing marketing platform infrastructure
Dean,Graziosi,Co-Founder,Mastermind.com,https://mastermind.com,Education / Events,United States,50-200,https://www.linkedin.com/in/deangraziosi,dean@mastermind.com,Course empire,Education entrepreneur scaling event operations
Pedro,Adao,Founder,100X Academy,https://pedroadao.com,Education / Coaching,United States,10-50,https://www.linkedin.com/in/pedroadao,pedro@pedroadao.com,Challenge launches,Challenge launch expert scaling coaching ops
Frank,Kern,Founder,Frank Kern Inc,https://frankkern.com,Agency / Marketing,United States,10-50,https://www.linkedin.com/in/frankkern,frank@frankkern.com,Direct response,Marketing legend scaling agency operations
Ryan,Deiss,Founder & CEO,DigitalMarketer,https://digitalmarketer.com,Education / Marketing,United States,50-200,https://www.linkedin.com/in/ryandeiss,ryan@digitalmarketer.com,Marketing education,Marketing education company scaling course ops
Roland,Frasier,Co-Founder,DigitalMarketer,https://digitalmarketer.com,Education / Marketing,United States,50-200,https://www.linkedin.com/in/rolandfrasier,roland@digitalmarketer.com,Business acquisition,Co-founder managing acquisition and scaling ops
Joanna,Wiebe,Founder,Copyhackers,https://copyhackers.com,Education / Copywriting,Canada,10-50,https://www.linkedin.com/in/joannawiebe,joanna@copyhackers.com,Copy education,Copywriting education scaling course operations
Val,Geisler,Founder,Fix My Churn,https://fixmychurn.com,SaaS Consulting,United States,1-10,https://www.linkedin.com/in/valgeisler,val@fixmychurn.com,Churn consulting,Email onboarding consultant needs ops support
Brian,Dean,Founder,Backlinko,https://backlinko.com,Education / SEO,United States,10-50,https://www.linkedin.com/in/brianedean,brian@backlinko.com,SEO education,SEO educator scaling content production ops
Tim,Soulo,CMO,Ahrefs,https://ahrefs.com,SaaS / SEO,Europe,100-500,https://www.linkedin.com/in/timsoulo,tim@ahrefs.com,SEO tools,CMO managing marketing at SEO tools platform
Dmitry,Gerasimenko,Founder & CEO,Ahrefs,https://ahrefs.com,SaaS / SEO,Europe,100-500,https://www.linkedin.com/in/dmitrygerasimenko,dmitry@ahrefs.com,Bootstrapped SaaS,Bootstrapped CEO managing global operations
Cyrus,Shepard,Founder,Zyppy,https://zyppy.com,SaaS / SEO,United States,1-10,https://www.linkedin.com/in/cyrusshepard,cyrus@zyppy.com,SEO consulting,SEO consultancy needs ops support to scale
Gael,Breton,Co-Founder,Authority Hacker,https://authorityhacker.com,Education / SEO,Europe,10-50,https://www.linkedin.com/in/gaelbreton,gael@authorityhacker.com,SEO courses,SEO education company scaling course operations
Spencer,Haws,Founder,Niche Pursuits,https://nichepursuits.com,Media / SEO,United States,1-10,https://www.linkedin.com/in/spencerhaws,spencer@nichepursuits.com,Niche sites,Niche site builder scaling content production
Jon,Morrow,Founder & CEO,Smart Blogger,https://smartblogger.com,Education / Content,United States,10-50,https://www.linkedin.com/in/jonmorrow,jon@smartblogger.com,Blogging education,Blogging education company scaling student ops
Syed,Balkhi,Founder & CEO,Awesome Motive,https://awesomemotive.com,SaaS / WordPress,United States,100-500,https://www.linkedin.com/in/syedbalkhi,syed@awesomemotive.com,WordPress empire,WordPress plugin empire scaling support ops
Ahmad,Awais,Founder,VSCode.pro,https://ahmadawais.com,Education / Dev Tools,United States,1-10,https://www.linkedin.com/in/mrahmadawais,ahmad@ahmadawais.com,Dev education,Developer educator scaling community ops
Natalie,Nagele,Co-Founder & CEO,Wildbit,https://wildbit.com,SaaS / Email,United States,10-50,https://www.linkedin.com/in/natalienagele,natalie@wildbit.com,Calm company,People-first company scaling email platform ops
Chris,Lema,VP of Products,Developer Tools,https://chrislema.com,SaaS / WordPress,United States,1-10,https://www.linkedin.com/in/chrislema,chris@chrislema.com,Product leadership,WordPress product leader and business advisor
Darrell,Vesterfelt,Founder,Good People Digital,https://darrellvesterfelt.com,Agency / Marketing,United States,10-50,https://www.linkedin.com/in/darrellvesterfelt,darrell@goodpeopledigital.com,Content agency,Digital marketing agency scaling client delivery
Kaleigh,Moore,Founder,Lumen Content,https://kaleighmoore.com,Agency / Content,United States,1-10,https://www.linkedin.com/in/kaleighmoore,kaleigh@kaleighmoore.com,E-com content,E-commerce content writer scaling client ops
Alli,Decker,Head of Content,Impossible Foods,https://impossiblefoods.com,Food Tech,United States,500-1000,https://www.linkedin.com/in/allidecker,alli@impossiblefoods.com,Food tech,Head of content managing comms at food tech
