Name,Category,Platform,Audience Size,Why They Fit,Collaboration Type,Status
Chipper Cash,Fintech & Banking,App/Platform,4M+ users,Leading African cross-border payments app — diaspora users sending money home,Co-promotion + sponsored content,New
Eversend,Fintech & Banking,App/Platform,400K+ users,Pan-African neobank with multi-currency wallets — perfect for diaspora investors,Affiliate + joint webinar,New
Afriex,Fintech & Banking,App/Platform,200K+ users,Zero-fee cross-border transfers to 30+ African countries — diaspora-first product,Co-promotion + podcast,New
LemFi,Fintech & Banking,App/Platform,500K+ users,Digital bank for African diaspora — multi-currency accounts for UK/US/Canada Africans,Affiliate partnership + co-content,New
Bamboo (Invest Bamboo),Fintech & Banking,App/Platform,300K+ users,Allows Africans to invest in US and Nigerian stocks — wealth building alignment,Joint webinar + affiliate,New
Risevest,Fintech & Banking,App/Platform,200K+ users,"Dollar investment platform for Africans — real estate, stocks, fixed income",Affiliate + co-branded content,New
Cowrywise,Fintech & Banking,App/Platform,500K+ users,Savings and investment app for Nigerians — wealth building for young professionals,Co-promotion + sponsored content,New
PiggyVest,Fintech & Banking,App/Platform,4M+ users,Nigeria's leading savings platform — massive engaged audience of savers and investors,Sponsored content + joint campaign,New
Flutterwave,Fintech & Banking,Platform,1M+ merchants,African payments infrastructure — powers cross-border commerce,Strategic partnership + event,New
Paystack (Stripe),Fintech & Banking,Platform,200K+ merchants,"Payment processing for African businesses — YC-backed, now owned by Stripe",Co-branded content + event,New
Grey Finance,Fintech & Banking,App/Platform,200K+ users,"Foreign currency accounts for Africans — USD, GBP, EUR wallets",Affiliate + joint content,New
Kuda Bank,Fintech & Banking,App/Platform,5M+ users,"Free digital bank in Nigeria — young, mobile-first audience",Sponsored content + co-promotion,New
Carbon (formerly Paylater),Fintech & Banking,App/Platform,1M+ users,Digital bank with instant loans and investments — Nigerian market,Co-promotion,New
Daba Finance,Fintech & Banking,Platform,50K+ users,"Africa-focused investment platform for stocks, startups, and real estate",Podcast + joint webinar + affiliate,New
Seso Global,Fintech & Banking,Platform,50K+ users,Africa's property marketplace with diaspora mortgage platform — blockchain-verified,Strategic partnership + co-content,New
NALA,Fintech & Banking,App/Platform,500K+ users,"Mobile money transfers to East Africa — Tanzanian-founded, diaspora-focused",Affiliate + co-promotion,New
Payday,Fintech & Banking,App/Platform,100K+ users,Neobank issuing global accounts to Nigerians — freelancer and diaspora audience,Co-promotion + affiliate,New
Geegpay,Fintech & Banking,App/Platform,100K+ users,Multi-currency accounts for African freelancers and remote workers,Co-branded content,New
Send App (Flutterwave),Fintech & Banking,App/Platform,200K+ users,Fastest cross-border transfers powered by Flutterwave infrastructure,Co-promotion,New
Mukuru,Fintech & Banking,Platform,10M+ users,Southern Africa's largest remittance provider — established diaspora trust,Strategic partnership,New
WorldRemit,Fintech & Banking,Platform,5M+ users,Global remittance leader with strong Africa corridors — diaspora audience overlap,Sponsored content + affiliate,New
Sendwave,Fintech & Banking,App/Platform,2M+ users,Fee-free money transfers to Africa — strong US-to-Africa diaspora user base,Co-promotion + affiliate,New
Taptap Send,Fintech & Banking,App/Platform,1M+ users,Low-cost remittances from US/UK/EU to Africa — diaspora-first positioning,Affiliate partnership,New
Stanbic IBTC,Fintech & Banking,Bank,2M+ customers,Standard Bank subsidiary in Nigeria — investment and wealth management services,Co-branded financial education,New
FNB South Africa,Fintech & Banking,Bank,8M+ customers,Leading SA bank with diaspora banking products,Brand partnership + co-content,New
Standard Bank,Fintech & Banking,Bank,12M+ customers,Africa's largest bank — cross-border banking and investment products,Strategic partnership,New
Access Bank,Fintech & Banking,Bank,45M+ customers,Nigeria's largest bank — expanding across Africa with diaspora services,Brand partnership,New
Guaranty Trust Bank,Fintech & Banking,Bank,20M+ customers,Nigeria's most innovative bank — strong digital and lifestyle brand,Sponsored content + event,New
Investec,Fintech & Banking,Bank,500K+ clients,SA/UK wealth management — premium audience matches Ashley's high-ticket offer,Co-branded wealth content,New
Equity Bank Kenya,Fintech & Banking,Bank,15M+ customers,East Africa's largest bank — massive retail and SME audience,Brand partnership,New
Capitec Bank,Fintech & Banking,Bank,20M+ customers,SA's fastest-growing bank brand — doubled value in 2025,Co-promotion + event,New
Absa Group,Fintech & Banking,Bank,12M+ customers,Pan-African bank across 12 countries — former Barclays Africa,Strategic partnership,New
Bank of Kigali,Fintech & Banking,Bank,1M+ customers,Rwanda's largest bank — strong Visit Rwanda and investment ecosystem,Co-branded content,New
M-Pesa (Safaricom),Fintech & Banking,Platform,50M+ users,Africa's largest mobile money platform — essential financial infrastructure,Strategic partnership,New
Chipper Cash Invest,Fintech & Banking,Platform,500K+ users,Stock investment feature within Chipper Cash — US stocks for Africans,Affiliate + co-content,New
Trove,Fintech & Banking,App/Platform,200K+ users,Investment app allowing Africans to buy US and Nigerian stocks,Affiliate + podcast,New
Chaka,Fintech & Banking,App/Platform,100K+ users,SEC-licensed investment platform for Nigerian and US stocks,Affiliate + webinar,New
Afrika.vc,Fintech & Banking,Platform,50K+ visitors/mo,Africa-focused real estate investment community — diaspora investors,Content partnership + affiliate,New
Diaspora House,Fintech & Banking,Community/Platform,10K+ members,Real estate investment community for diaspora — currently acquiring property in Nairobi,Joint webinar + co-investment content,New
Mara (crypto),Fintech & Banking,Platform,100K+ users,African-founded crypto exchange — Pan-African blockchain access,Co-promotion,New
Quidax,Fintech & Banking,Platform,500K+ users,Nigerian crypto exchange — young investor audience,Sponsored content,New
Luno,Fintech & Banking,Platform,10M+ users,"Africa's leading crypto platform — South Africa, Nigeria, Uganda",Co-branded crypto education,New
Yellow Card,Fintech & Banking,Platform,1M+ users,Pan-African crypto exchange across 20+ countries,Co-promotion + affiliate,New
Bundle Africa,Fintech & Banking,Platform,200K+ users,Social payments and crypto trading for Africans,Co-promotion,New
AZA Finance,Fintech & Banking,Platform,Enterprise,B2B cross-border payments infrastructure for Africa — powers many fintechs,B2B partnership,New
Paga,Fintech & Banking,Platform,15M+ users,Nigerian mobile money and payments — strong merchant network,Strategic partnership,New
TeamApt (Moniepoint),Fintech & Banking,Platform,10M+ users,Nigerian fintech powering merchant payments — massive SME network,Strategic partnership,New
Carbon Zero,Fintech & Banking,Platform,200K+ users,Carbon's wealth management arm — investment products for Nigerians,Affiliate,New
Patricia,Fintech & Banking,Platform,300K+ users,"Nigerian crypto and gift card platform — young, digital-savvy audience",Co-promotion,New
Carry1st,Fintech & Banking,Platform,5M+ users,African mobile payments and gaming — Gen Z and millennial audience,Cross-promotion,New
Umba,Fintech & Banking,App/Platform,100K+ users,Digital bank for Kenya and Nigeria — diaspora-friendly,Affiliate,New
Float,Fintech & Banking,Platform,50K+ users,African SME banking and credit platform,B2B content partnership,New
TymeBank,Fintech & Banking,Bank,8M+ customers,SA digital bank with rapid growth — affordable banking,Co-promotion,New
Zenith Bank,Fintech & Banking,Bank,10M+ customers,Nigeria's most profitable bank — launched blockchain settlement in 2025,Strategic partnership,New
UBA (United Bank for Africa),Fintech & Banking,Bank,20M+ customers,Pan-African bank across 20 countries,Brand partnership,New
Ecobank,Fintech & Banking,Bank,15M+ customers,Most geographically diverse African bank — 33 countries,Strategic partnership + event,New
First Bank of Nigeria,Fintech & Banking,Bank,30M+ customers,Nigeria's oldest bank — massive retail audience,Brand partnership,New
Wema Bank (ALAT),Fintech & Banking,Bank,5M+ customers,Nigeria's first fully digital bank — innovation-forward,Co-promotion,New
Nedbank,Fintech & Banking,Bank,8M+ customers,SA bank with sustainability focus — ESG alignment with AIA mission,Strategic partnership,New
Currency Assist,Fintech & Banking,Platform,50K+ users,SA-based currency transfer services — already contacted by Ashley,Follow up — deepen partnership,New
Wise (TransferWise),Fintech & Banking,Platform,16M+ customers,Global transfers with strong Africa corridors — massive diaspora usage,Affiliate + co-content,New
Remitly,Fintech & Banking,Platform,5M+ customers,Digital remittances to Africa — growing diaspora customer base,Affiliate partnership,New
MoneyGram,Fintech & Banking,Platform,150M+ users globally,Legacy remittance with growing digital presence in Africa,Sponsored content,New
PAPSS (Pan-African Payment),Fintech & Banking,Infrastructure,17 countries connected,Afreximbank's real-time payment system — institutional partnership,Thought leadership partnership,New
Interswitch,Fintech & Banking,Platform,Enterprise,Africa's leading digital payments company — powers banking infrastructure,Strategic partnership,New
Thunes,Fintech & Banking,Platform,Enterprise,Cross-border payments network connecting 130+ countries including Africa,B2B partnership,New
DLocal,Fintech & Banking,Platform,Enterprise,Emerging market payments platform with strong Africa presence,B2B partnership,New
Cellulant,Fintech & Banking,Platform,Enterprise,Pan-African payments company across 35 countries,Strategic partnership,New
MFS Africa,Fintech & Banking,Platform,400M+ mobile wallets,Africa's largest digital payments hub — connects mobile money networks,Strategic partnership,New
Tala,Fintech & Banking,App/Platform,6M+ users,"Mobile lending in Kenya, Philippines, Mexico — financial inclusion focus",Co-promotion,New
Branch,Fintech & Banking,App/Platform,4M+ users,"Digital lending in Kenya, Nigeria, India — AI-driven credit",Co-promotion,New
FairMoney,Fintech & Banking,App/Platform,3M+ users,Nigerian digital lending and banking — serving underbanked,Co-promotion,New
Palmpay,Fintech & Banking,App/Platform,30M+ users,Nigerian mobile payments — one of the fastest growing fintechs in Africa,Sponsored content,New
OPay,Fintech & Banking,App/Platform,35M+ users,"Nigerian super-app for payments, rides, food — massive young audience",Sponsored content + event,New
Fundall,Fintech & Banking,App/Platform,100K+ users,Nigerian personal finance management app,Co-branded financial education,New
Travel Noire,Travel & Relocation,Media/Community,500K+ followers,Leading Black travel media brand — directly serves Ashley's audience demographic,Guest content + co-promotion + podcast,New
Tastemakers Africa,Travel & Relocation,Platform,200K+ followers,"Curated African experiences for travelers — dining, culture, adventure",Co-branded travel content + joint tours,New
Blavity / Travel Noire (parent),Travel & Relocation,Media Network,100M+ monthly impressions,Largest Black digital media company — Travel Noire is their travel vertical,Sponsored content + native ads,New
Wode Maya,Travel & Relocation,YouTube,2.5M+ subscribers,Ghana-based YouTuber connecting global diaspora to Africa — massive engaged audience,Joint content + podcast appearance + co-tour,New
African Diaspora News Channel,Travel & Relocation,YouTube,1.9M subscribers,"Largest African diaspora news channel — original journalism, cultural analysis",Podcast exchange + co-promotion + native content,New
Passport Heavy,Travel & Relocation,Instagram/YouTube,300K+ followers,Black travel community showcasing global destinations with strong Africa content,Co-promotion + group trip partnership,New
Martinique Lewis / ABC Travel Green Book,Travel & Relocation,App/Platform,100K+ followers,Award-winning app for Black travelers finding Black-owned businesses globally,App partnership + co-promotion + event,New
Nomad Africa Magazine,Travel & Relocation,Media,200K+ readers,Africa's premier travel magazine — luxury and adventure travel across the continent,Advertorial + brand partnership,New
Magical Kenya (Kenya Tourism Board),Travel & Relocation,Tourism Board,500K+ followers,Kenya's national tourism brand — budget for global diaspora campaigns,Tourism partnership + co-branded content,New
Rwanda Development Board,Travel & Relocation,Govt Agency,200K+ followers,"Sponsors Arsenal, PSG, Bayern Munich — massive global partnership engine",Partnership expansion — already contacted,New
South Africa Tourism,Travel & Relocation,Tourism Board,1M+ followers,SA's global tourism marketing body with large budget,Tourism partnership + co-promotion,New
Ghana Tourism Authority,Travel & Relocation,Tourism Board,100K+ followers,Year of Return success — continues to market Ghana to diaspora,Co-branded heritage tourism content,New
Ethiopian Airlines,Travel & Relocation,Airline,1M+ followers,"Africa's largest airline — 58% of regional passengers, 100+ intl destinations",Brand partnership + in-flight visibility,New
Kenya Airways,Travel & Relocation,Airline,500K+ followers,SkyTeam Alliance — connecting diaspora to East Africa,Co-branded travel campaign,New
RwandAir,Travel & Relocation,Airline,200K+ followers,"Rwanda's national carrier — Qatar Airways backing, Visit Rwanda alignment",Brand partnership + co-promotion,New
South African Airways,Travel & Relocation,Airline,300K+ followers,National carrier — hosting AFRAA convention May 2026,Event sponsorship + brand partnership,New
LIFT Airline,Travel & Relocation,Airline,50K+ followers,New-gen SA airline with modern brand and younger audience,Co-promotion,New
Airlink,Travel & Relocation,Airline,100K+ followers,25% Qatar Airways owned — regional African routes,Brand partnership,New
Blaxit Global,Travel & Relocation,Community,100K+ followers,Movement of Black Americans relocating to Africa — perfect audience overlap,Joint events + co-content + community exchange,New
Relocate to Africa,Travel & Relocation,YouTube/Community,50K+ subscribers,Practical relocation advice for diaspora moving to Africa,Podcast exchange + co-content,New
Life in Lagos,Travel & Relocation,YouTube,200K+ subscribers,Nigerian lifestyle and relocation content for returning diaspora,Guest appearances + co-content,New
Ghana Homecoming,Travel & Relocation,Events/Community,100K+ community,Annual homecoming event bringing diaspora to Ghana,Event partnership + sponsorship,New
Afropolitan,Travel & Relocation,Membership/App,50K+ members,Digital nation for the African diaspora — membership model,Strategic partnership + co-events,New
Accra City Tours,Travel & Relocation,Tour Operator,50K+ followers,Ghana-based tours for diaspora visitors — Year of Return partner,Co-branded tours + affiliate,New
Visit Rwanda,Travel & Relocation,Tourism Campaign,500K+ followers,Global tourism campaign with major sports sponsorships,Co-branded content + partnership,New
AirBnB Africa Experiences,Travel & Relocation,Platform,Millions of users,Short-term rentals in Africa growing 30%+ YoY — diaspora hosts and guests,Co-branded African stays content,New
Sojorn Africa,Travel & Relocation,Relocation,50K+ community,Relocation services for diaspora moving to Africa,Affiliate + co-content,New
Africa Travel Association,Travel & Relocation,Association,50K+ members,Premier African travel industry association,Membership + event partnership,New
WTM Africa (World Travel Market),Travel & Relocation,Trade Event,5K+ attendees,Major tourism trade platform — April Cape Town,Event sponsorship + booth,New
AFRAA (African Airlines Association),Travel & Relocation,Industry Body,57 member airlines,Pan-African aviation body — May 2026 convention in SA,Event partnership,New
Radisson Hotel Group Africa,Travel & Relocation,Hotel,80+ hotels,Conference venues and business travel across Africa,Hotel partnership + event hosting,New
Marriott Africa,Travel & Relocation,Hotel,70+ hotels,Premium positioning with business traveler audience,Hotel partnership,New
Kempinski Africa,Travel & Relocation,Hotel,10+ luxury hotels,"Ultra-luxury hotels in Ghana, Kenya, Tanzania — premium brand fit",Luxury partnership + event,New
Fairmont Africa,Travel & Relocation,Hotel,5+ properties,Iconic properties like Fairmont Mount Kenya Safari Club,Luxury tourism partnership,New
Sun International,Travel & Relocation,Hotel/Resort,25+ properties,SA hospitality and entertainment company,Event venue + brand partnership,New
Mantis Collection,Travel & Relocation,Hotel,30+ properties,Boutique eco-hotels across Africa — sustainability alignment,Eco-tourism partnership,New
Sarova Hotels,Travel & Relocation,Hotel,10+ hotels,Leading Kenyan hotel group — business and leisure,East African hospitality partnership,New
Protea Hotels by Marriott,Travel & Relocation,Hotel,100+ hotels,Largest hotel group in Africa by room count,Brand partnership,New
Mövenpick Hotels Africa,Travel & Relocation,Hotel,15+ hotels,Swiss luxury brand across African cities,Premium partnership,New
Ibis Africa,Travel & Relocation,Hotel,20+ hotels,Accor's affordable brand across Africa — business travelers,Co-promotion,New
Jobberman,Travel & Relocation,Job Platform,500K+ users,West Africa's leading job platform — relevant for relocators seeking employment,Content partnership,New
Remote Africa,Travel & Relocation,Job Board,50K+ visitors,Remote jobs for professionals working from Africa,Content partnership + job listings,New
Expat Arrivals,Travel & Relocation,Media,500K+ monthly visitors,Expat relocation guides including African countries,Content partnership + sponsored guides,New
InterNations,Travel & Relocation,Community,4M+ members globally,Expat community with strong African city chapters,Community partnership,New
Matador Network,Travel & Relocation,Media,10M+ monthly visitors,Travel media with growing Africa content section,Sponsored content + native articles,New
Culture Trip,Travel & Relocation,Media,40M+ monthly visitors,Global travel media covering African destinations,Sponsored content,New
Lonely Planet Africa,Travel & Relocation,Media,20M+ monthly visitors,World's leading travel guide brand,Content partnership,New
Frommer's Africa,Travel & Relocation,Media,5M+ monthly visitors,Established travel guide with Africa section,Content partnership,New
The Points Guy Africa,Travel & Relocation,Media,10M+ monthly readers,Travel hacking and points — diaspora flight deal content,Sponsored content,New
Scott's Cheap Flights Africa,Travel & Relocation,Newsletter,5M+ subscribers,Flight deal alerts with Africa routes growing,Co-promotion + deal alerts,New
Google Flights Africa,Travel & Relocation,Platform,Billions of users,Flight search with growing Africa route coverage,SEO + content alignment,New
Kiwi.com,Travel & Relocation,Platform,100M+ users,Flight search with strong Africa routing capabilities,Affiliate partnership,New
TripAdvisor Africa,Travel & Relocation,Platform,450M+ users globally,"Reviews and bookings for African hotels, restaurants, tours",Content partnership,New
Booking.com Africa,Travel & Relocation,Platform,500M+ users globally,Hotel bookings across Africa — growing African inventory,Affiliate partnership,New
Getaway Magazine,Travel & Relocation,Media,200K+ readers,SA travel magazine covering Southern and East Africa,Advertorial + co-content,New
Safari Bookings,Travel & Relocation,Platform,2M+ visitors/yr,Africa safari comparison platform — premium traveler audience,Affiliate + sponsored content,New
Go2Africa,Travel & Relocation,Tour Operator,500K+ visitors/yr,Luxury African safari and travel specialists,Co-branded luxury travel content,New
Wild Frontiers,Travel & Relocation,Tour Operator,100K+ visitors/yr,Adventure travel across Africa — experiential tourism,Co-branded adventure content,New
Intrepid Travel Africa,Travel & Relocation,Tour Operator,500K+ travelers/yr,Responsible travel company with strong Africa itineraries,Partnership + sustainable tourism content,New
G Adventures Africa,Travel & Relocation,Tour Operator,500K+ travelers/yr,Small group adventure travel with Africa focus,Partnership,New
African Travel Inc,Travel & Relocation,Tour Operator,50K+ travelers/yr,Luxury African safari and travel specialist — US market,Affiliate + co-promotion,New
Kuoni Africa,Travel & Relocation,Tour Operator,200K+ travelers/yr,Premium travel operator with Africa luxury packages,Premium partnership,New
Exodus Travels Africa,Travel & Relocation,Tour Operator,300K+ travelers/yr,Adventure and activity holidays across Africa,Co-branded content,New
Audley Travel Africa,Travel & Relocation,Tour Operator,100K+ travelers/yr,Tailor-made luxury African travel,Premium partnership + referral,New
Black Travel Alliance,Travel & Relocation,Community,50K+ members,Coalition of Black travel content creators and brands,Community partnership + joint content,New
Black Girls Travel Too,Travel & Relocation,Community,100K+ followers,Community empowering Black women to travel — Africa-heavy content,Co-promotion + joint trips,New
OneWorld365,Travel & Relocation,Platform,200K+ monthly visitors,"Work, volunteer, and travel abroad platform with Africa section",Content partnership,New
Workaway Africa,Travel & Relocation,Platform,100K+ hosts globally,Work exchange platform with African host families and projects,Content partnership,New
WWOOF Africa,Travel & Relocation,Platform,50K+ hosts globally,Organic farming volunteer network across Africa,Content partnership,New
Visa Guide Africa,Travel & Relocation,Media,100K+ monthly visitors,African visa information for travelers and relocators,Content partnership + co-branded guides,New
iVisa Africa,Travel & Relocation,Platform,10M+ applications/yr,Online visa processing including African countries,Affiliate partnership,New
SafariNow,Travel & Relocation,Platform,2M+ visitors/yr,SA accommodation booking platform,Affiliate partnership,New
Travelstart Africa,Travel & Relocation,Platform,5M+ visitors/yr,Africa's largest online travel agency — flights and hotels,Affiliate + co-promotion,New
Jumia Travel (now Travelstart),Travel & Relocation,Platform,3M+ visitors/yr,African online travel booking platform,Affiliate partnership,New
Priceline Africa,Travel & Relocation,Platform,50M+ users globally,Global hotel booking with growing African inventory,Affiliate,New
Ozwald Boateng,African Fashion & Lifestyle,Fashion Designer,500K+ followers,"Ghanaian-British fashion icon — Savile Row tailor, luxury African design",Brand ambassador + co-branded event,New
Lisa Folawiyo (Jewel by Lisa),African Fashion & Lifestyle,Fashion Designer,200K+ followers,Nigerian luxury fashion house — elevated Ankara to global luxury,Co-branded content + event,New
Maxhosa by Laduma,African Fashion & Lifestyle,Fashion Brand,300K+ followers,SA luxury knitwear brand — Xhosa heritage meets contemporary design,Co-promotion + lifestyle content,New
Orange Culture,African Fashion & Lifestyle,Fashion Brand,100K+ followers,Nigerian gender-fluid fashion — Lagos Fashion Week darling,Co-branded content,New
Maki Oh,African Fashion & Lifestyle,Fashion Designer,200K+ followers,"Nigerian designer worn by Michelle Obama, Beyoncé, Lupita",Premium brand alignment + co-content,New
Rich Mnisi,African Fashion & Lifestyle,Fashion Brand,300K+ followers,SA luxury fashion — bold African futurism aesthetic,Co-branded lifestyle content,New
Thebe Magugu,African Fashion & Lifestyle,Fashion Designer,200K+ followers,First African to win LVMH Prize — SA luxury fashion,Premium partnership,New
Kenneth Ize,African Fashion & Lifestyle,Fashion Designer,100K+ followers,"Nigerian designer — LVMH Prize finalist, aso-oke weaving",Co-branded content,New
Imad Eduso,African Fashion & Lifestyle,Fashion Brand,100K+ followers,Nigerian luxury womenswear — caters to professional women,Co-promotion + lifestyle,New
Torlowei,African Fashion & Lifestyle,Fashion Brand,50K+ followers,Nigerian fashion brand with storytelling focus,Co-branded narrative content,New
Christie Brown,African Fashion & Lifestyle,Fashion Brand,100K+ followers,Ghanaian luxury fashion house — Pan-African elegance,Co-promotion + event,New
Sindiso Khumalo,African Fashion & Lifestyle,Fashion Brand,100K+ followers,SA sustainable fashion designer — eco-luxury alignment,Sustainability-aligned partnership,New
Tongoro,African Fashion & Lifestyle,Fashion Brand,200K+ followers,Senegalese affordable luxury — Beyoncé wore their pieces,Co-promotion + co-branded content,New
Katungulu Mwendwa,African Fashion & Lifestyle,Fashion Brand,50K+ followers,Kenyan minimalist fashion — Pan-African design ethos,Co-branded content,New
Clan (SA),African Fashion & Lifestyle,Fashion Brand,50K+ followers,SA ethical fashion collective — Pan-African design,Sustainability partnership,New
KISUA,African Fashion & Lifestyle,Fashion Brand,100K+ followers,Pan-African fashion marketplace — curating African designers globally,Marketplace partnership + affiliate,New
Afrikrea,African Fashion & Lifestyle,Marketplace,500K+ monthly visitors,"Global marketplace for African fashion, art, and crafts",Affiliate + co-promotion,New
Zuvaa (formerly),African Fashion & Lifestyle,Marketplace,100K+ followers,African fashion marketplace — diaspora-focused,Affiliate partnership,New
D'IYANU,African Fashion & Lifestyle,Fashion Brand,200K+ followers,US-based African print clothing brand — diaspora audience,Co-promotion + affiliate,New
Grass-Fields,African Fashion & Lifestyle,Fashion Brand,300K+ followers,Cameroon-inspired fashion brand based in UK — massive diaspora following,Co-promotion + affiliate,New
Asikere Afana,African Fashion & Lifestyle,Fashion Brand,100K+ followers,US-based African fashion — handmade in Ghana,Affiliate + co-content,New
Ace Rivington Africa,African Fashion & Lifestyle,Fashion Brand,50K+ followers,Premium menswear with African heritage elements,Co-branded content,New
Studio 189,African Fashion & Lifestyle,Fashion Brand,100K+ followers,Founded by Rosario Dawson — artisan fashion from Africa,Celebrity-adjacent partnership,New
Yswara,African Fashion & Lifestyle,Luxury Brand,50K+ followers,SA luxury African tea brand — premium lifestyle positioning,Luxury lifestyle partnership,New
Nkwo,African Fashion & Lifestyle,Fashion Brand,50K+ followers,Nigerian sustainable fashion — upcycled textiles,Sustainability partnership,New
Eki Orleans,African Fashion & Lifestyle,Fashion Brand,50K+ followers,UK-based Nigerian fashion — print and contemporary fusion,Co-promotion,New
Banke Kuku,African Fashion & Lifestyle,Fashion Brand,100K+ followers,Nigerian print designer — interiors and fashion,Lifestyle co-content,New
Andrea Iyamah,African Fashion & Lifestyle,Fashion Brand,200K+ followers,Nigerian resort wear — swimwear and bridal,Lifestyle co-promotion,New
Africa Fashion Week (various cities),African Fashion & Lifestyle,Event,50K+ attendees/yr,"Pan-African fashion events in London, NYC, Lagos, Accra",Event partnership + sponsorship,New
GTBank Fashion Weekend,African Fashion & Lifestyle,Event,100K+ attendees,Nigeria's premier fashion event — massive brand visibility,Event sponsorship,New
Lagos Fashion Week,African Fashion & Lifestyle,Event,50K+ attendees,West Africa's leading fashion event — designer showcases,Event partnership,New
SA Fashion Week,African Fashion & Lifestyle,Event,30K+ attendees,South Africa's premier fashion platform,Event partnership,New
Arise Fashion Week,African Fashion & Lifestyle,Event,30K+ attendees,Lagos-based luxury fashion week — global designers in Africa,Event partnership,New
Bellanaija,African Fashion & Lifestyle,Media,5M+ monthly visitors,"Nigeria's leading lifestyle media — weddings, fashion, entertainment",Sponsored content + native ads,New
OkayAfrica,African Fashion & Lifestyle,Media,2M+ monthly visitors,"Culture, music, fashion media platform celebrating Africa globally",Content partnership + podcast,New
Nataal,African Fashion & Lifestyle,Media,500K+ monthly visitors,Contemporary African arts and culture platform — premium aesthetic,Brand alignment + co-content,New
Essence Magazine Africa,African Fashion & Lifestyle,Media,10M+ monthly readers,Leading Black women's media brand with growing Africa focus,Sponsored content + event,New
True Africa,African Fashion & Lifestyle,Media,200K+ monthly visitors,Creative storytelling about modern African life,Content partnership,New
Another Africa,African Fashion & Lifestyle,Media,100K+ monthly visitors,African contemporary art and culture journal,Content partnership,New
CNN Africa,African Fashion & Lifestyle,Media,50M+ global audience,CNN's Africa bureau and programming,Media partnership,New
Africa Is a Country,African Fashion & Lifestyle,Media,500K+ monthly visitors,"Critical analysis of politics, culture, and art across Africa",Content partnership,New
The Africa Report,African Fashion & Lifestyle,Media,2M+ monthly visitors,Business and political news across Africa,Content partnership + native ads,New
African Arguments,African Fashion & Lifestyle,Media,500K+ monthly visitors,In-depth analysis of African affairs,Content partnership,New
Afro.com,African Fashion & Lifestyle,Media,200K+ monthly visitors,African diaspora news and culture platform,Content partnership,New
Black Enterprise Africa,African Fashion & Lifestyle,Media,5M+ monthly readers,Leading Black business media with growing Africa coverage,Sponsored content,New
Alara Lagos,African Fashion & Lifestyle,Luxury Retail,100K+ followers,Nigeria's premier luxury concept store — curates African and global brands,Retail partnership + event,New
Merchants on Long (Cape Town),African Fashion & Lifestyle,Luxury Retail,50K+ followers,SA luxury hotel and retail concept — curated African luxury,Luxury partnership,New
Temple Muse Lagos,African Fashion & Lifestyle,Luxury Retail,50K+ followers,"Nigerian luxury concept store — fashion, art, lifestyle",Retail partnership,New
Nana Otafrija (Accra),African Fashion & Lifestyle,Luxury Lifestyle,100K+ followers,Ghanaian luxury lifestyle influencer — premium audience,Influencer partnership,New
Jackie Aina,African Fashion & Lifestyle,YouTube/Social,3.5M+ subscribers,Nigerian-American beauty creator — massive diaspora audience,Sponsored content + podcast,New
Dimma Umeh,African Fashion & Lifestyle,YouTube,600K+ subscribers,Nigerian beauty and lifestyle YouTuber,Co-content + sponsored,New
Sika Osei,African Fashion & Lifestyle,TV/Social,500K+ followers,Ghanaian TV host and lifestyle influencer,Co-branded content,New
Bonang Matheba,African Fashion & Lifestyle,TV/Social,5M+ followers,SA media personality and businesswoman — massive African influence,Premium brand partnership,New
Maps Maponyane,African Fashion & Lifestyle,TV/Social,1M+ followers,"SA actor, model, entrepreneur — lifestyle brand owner",Co-content + brand partnership,New
Adekunle Gold,African Fashion & Lifestyle,Music/Social,5M+ followers,Nigerian musician and fashion icon — high-value brand partnerships,Music x lifestyle crossover,New
Tiwa Savage,African Fashion & Lifestyle,Music/Social,15M+ followers,Nigerian music superstar — global African brand ambassador,Premium brand alignment,New
Tems,African Fashion & Lifestyle,Music/Social,10M+ followers,Nigerian Grammy winner — global African representation,Premium brand alignment,New
Burna Boy,African Fashion & Lifestyle,Music/Social,10M+ followers,Nigerian Afrobeats superstar — Pan-African pride,Brand alignment + event,New
Afrobeats Intelligence,African Fashion & Lifestyle,Newsletter,50K+ subscribers,Business analytics of Afrobeats industry,Sponsored newsletter + co-content,New
Spotify Africa,African Fashion & Lifestyle,Platform,Millions of users,Music streaming with strong African curation,Playlist partnership,New
Apple Music Africa,African Fashion & Lifestyle,Platform,Millions of users,Music streaming with African editorial team,Co-branded playlist,New
Boomplay,African Fashion & Lifestyle,Platform,80M+ users,Africa's largest music streaming platform,Strategic partnership,New
Mdundo,African Fashion & Lifestyle,Platform,30M+ users,African music streaming platform — East Africa focus,Co-promotion,New
AfroPop Worldwide,African Fashion & Lifestyle,Media/Radio,100K+ listeners,World music radio program featuring African music globally,Media partnership,New
African Vibes Magazine,African Fashion & Lifestyle,Media,200K+ readers,Lifestyle magazine connecting Africa and the diaspora,Content partnership,New
Genevieve Magazine,African Fashion & Lifestyle,Media,500K+ readers,Nigeria's premium women's lifestyle magazine,Advertorial + partnership,New
True Love Africa,African Fashion & Lifestyle,Media,300K+ readers,Pan-African women's magazine — SA based,Content partnership,New
Glam Africa,African Fashion & Lifestyle,Media,200K+ readers,Pan-African fashion and beauty magazine,Content partnership,New
She Leads Africa,African Fashion & Lifestyle,Community,500K+ followers,Community for ambitious African women — strong diaspora presence,Co-promotion + event,New
Bossbabe Africa,African Fashion & Lifestyle,Community,100K+ followers,Female entrepreneurship community with African chapters,Co-content + joint events,New
Seso Global,Real Estate & Property,Platform,50K+ users,"Africa's trusted property marketplace — blockchain-verified titles, diaspora mortgages",Strategic partnership + co-branded content,New
African Land,Real Estate & Property,Platform,100K+ visitors/yr,"Land investment platform across Ghana, Nigeria, Kenya, SA — diaspora-focused",Affiliate + co-content,New
Rendeavour,Real Estate & Property,Developer,5 countries,"Africa's largest urban land developer — Tatu City Kenya, Appolonia Ghana",Strategic investment content + tours,New
Pam Golding Properties,Real Estate & Property,Brokerage,200K+ listings,Premium SA real estate brand — luxury positioning matches Ashley,Luxury property content partnership,New
Broll Property Group,Real Estate & Property,Brokerage,10+ countries,Leading commercial property services across Africa,Commercial investment content,New
Hass Consult,Real Estate & Property,Brokerage,100K+ visitors/yr,Kenya's leading independent real estate consultancy,Co-branded Kenya real estate content,New
Estate Intel,Real Estate & Property,Data/Research,50K+ visitors/mo,Africa real estate market research and data — Nigeria and Africa focus,Data partnership + co-content,New
PropertyPro,Real Estate & Property,Platform,1M+ visitors/mo,Nigeria's largest property listing platform,Affiliate + co-content,New
Meqasa,Real Estate & Property,Platform,500K+ visitors/mo,Ghana's largest property listing platform,Affiliate + co-content,New
BuyLetLive,Real Estate & Property,Platform,200K+ visitors/mo,Nigerian prop-tech platform — verified listings,Affiliate partnership,New
Private Property SA,Real Estate & Property,Platform,3M+ visitors/mo,South Africa's leading property portal,Affiliate + co-content,New
Property24,Real Estate & Property,Platform,5M+ visitors/mo,SA's most visited property website,Affiliate + sponsored content,New
Shelter Afrique,Real Estate & Property,Finance,Pan-African,Pan-African housing finance institution — institutional partnership,Content partnership + thought leadership,New
Grit Real Estate,Real Estate & Property,REIT,Pan-African,Pan-African real estate income group — LSE listed,Investment content + co-webinar,New
Landmark Africa,Real Estate & Property,Developer,Nigeria,Major Nigerian real estate developer — diaspora-focused projects,Co-branded development tours,New
Mixta Africa,Real Estate & Property,Developer,Nigeria/Morocco,Pan-African real estate developer — affordable to premium,Project showcase + co-content,New
Redefine Properties,Real Estate & Property,REIT,SA/Africa,SA's largest REIT — commercial and retail properties,Investment content partnership,New
Growthpoint Properties,Real Estate & Property,REIT,SA/Africa,Africa's largest listed property company,Investment content + co-webinar,New
Resilient REIT,Real Estate & Property,REIT,SA/Africa,SA retail-focused REIT with African expansion,Investment content,New
Vaal Real Estate,Real Estate & Property,Developer,Kenya,Kenyan developer targeting diaspora buyers,Affiliate + co-branded content,New
LandWey Investment,Real Estate & Property,Developer,Nigeria,Nigerian real estate developer with diaspora payment plans,Affiliate + joint webinar,New
Revolution Plus Property,Real Estate & Property,Developer,Nigeria,Nigerian real estate company — aggressive digital marketing,Co-promotion + affiliate,New
Adron Homes,Real Estate & Property,Developer,Nigeria,Nigerian affordable housing developer — massive land bank,Co-promotion,New
Mi Casa Homes,Real Estate & Property,Developer,Ghana,Ghanaian developer targeting diaspora buyers — affordable luxury,Affiliate + co-content,New
Devtraco Plus,Real Estate & Property,Developer,Ghana,"Ghanaian luxury property developer — Airport area, Tema",Co-branded showroom events,New
Clifton Homes,Real Estate & Property,Developer,Ghana,Ghanaian developer — luxury apartments in Accra,Co-promotion + investor tours,New
Goldkey Properties,Real Estate & Property,Developer,Ghana,Ghanaian premium developer — serviced plots and homes,Affiliate partnership,New
Cantonments Properties,Real Estate & Property,Developer,Ghana,Accra-based luxury developer — premium positioning,Partnership + investor content,New
Cytonn Real Estate,Real Estate & Property,Developer/Fund,Kenya,Kenyan real estate fund — delivers 25%+ returns to investors,Joint webinar + co-investment content,New
Optiven,Real Estate & Property,Developer,Kenya,Kenya's most awarded real estate company — diaspora department,Affiliate + joint events,New
Centum Real Estate,Real Estate & Property,Developer,Kenya,Kenyan developer — luxury mixed-use developments,Investment content + co-webinar,New
Superior Homes Kenya,Real Estate & Property,Developer,Kenya,Kenyan housing developer — smart homes focus,Co-promotion,New
Tilisi Development,Real Estate & Property,Developer,Kenya,Satellite city near Nairobi — planned community,Investment tour content,New
Tatu City,Real Estate & Property,Development,Kenya,"2,500 acre mixed-use city by Rendeavour — East Africa's most ambitious project",Investment content + tours,New
Appolonia City,Real Estate & Property,Development,Ghana,"2,325 acre city near Accra by Rendeavour — ready plots for diaspora",Investment content + tours,New
Roma Park,Real Estate & Property,Development,Zambia,Lusaka development by Rendeavour — emerging market opportunity,Investment content,New
King City,Real Estate & Property,Development,Ghana,Takoradi development by Rendeavour — Western Region growth,Investment content,New
Eko Atlantic City,Real Estate & Property,Development,Nigeria,New city on reclaimed land in Lagos — Africa's largest real estate project,Premium investment content + tours,New
Centenary City Abuja,Real Estate & Property,Development,Nigeria,Smart city development in Abuja — diaspora investment units,Investment content,New
Waterfall City,Real Estate & Property,Development,South Africa,Largest development in SA — business and residential,Investment content,New
Konza Technopolis,Real Estate & Property,Development,Kenya,Kenya's Silicon Savannah — tech city development,Investment content + tech crossover,New
Dangote Properties,Real Estate & Property,Developer,Nigeria,Real estate arm of Africa's richest man's conglomerate,Premium brand partnership,New
Julius Berger,Real Estate & Property,Construction,Nigeria,Major construction company — infrastructure development,Brand partnership,New
Murray & Roberts,Real Estate & Property,Construction,South Africa,Leading SA construction firm — pan-African projects,Brand partnership,New
WBHO Construction,Real Estate & Property,Construction,South Africa,Major SA construction — JSE listed,Brand partnership,New
Group Five,Real Estate & Property,Construction,South Africa,SA construction and infrastructure,Brand partnership,New
BuyAfricaProperties.com,Real Estate & Property,Platform,50K+ visitors,Online marketplace for African properties — diaspora buyers,Affiliate partnership,New
Diaspora Real Estate Network,Real Estate & Property,Community,10K+ members,Network connecting diaspora with African property opportunities,Community partnership,New
African Property Awards,Real Estate & Property,Awards/Event,Industry,Annual awards recognizing African real estate excellence,Award sponsorship + visibility,New
RICS Africa,Real Estate & Property,Professional Body,Industry,Royal Institution of Chartered Surveyors — African chapter,Thought leadership partnership,New
Knight Frank Africa,Real Estate & Property,Brokerage,Pan-African,Global real estate consultancy with major African presence,Research partnership + co-content,New
JLL Africa,Real Estate & Property,Brokerage,Pan-African,Global commercial real estate with African offices,Research partnership,New
CBRE Africa,Real Estate & Property,Brokerage,Pan-African,Global commercial real estate advisory in Africa,Research partnership,New
Savills Africa,Real Estate & Property,Brokerage,Pan-African,Global property adviser with growing African practice,Research partnership,New
Actis Real Estate Africa,Real Estate & Property,PE/Investment,Pan-African,Private equity firm investing in African real estate,Investment content + co-webinar,New
Gatehouse Capital,Real Estate & Property,PE/Investment,Pan-African,Africa-focused real estate private equity,Investment content,New
RMB Westport,Real Estate & Property,PE/Investment,Pan-African,Real estate PE firm — retail malls across Africa,Investment content,New
Africa Finance Corp,Real Estate & Property,DFI,Pan-African,Infrastructure finance institution — real estate and infrastructure,Thought leadership + partnership,New
Shelter Afrique Capital,Real Estate & Property,DFI,Pan-African,Housing finance for African countries,Institutional partnership,New
IFC Real Estate Africa,Real Estate & Property,DFI,Pan-African,World Bank's private sector arm — African real estate investments,Thought leadership,New
Afreximbank,Real Estate & Property,Bank,Pan-African,African export-import bank — infrastructure finance,Strategic partnership,New
AfDB (African Dev Bank),Real Estate & Property,DFI,Pan-African,Africa's premier development finance institution,Thought leadership + institutional visibility,New
Diaspora House Community,Real Estate & Property,Community,10K+ members,WhatsApp-based real estate investment community for diaspora,Community partnership + co-investment,New
Afrika.vc Real Estate,Real Estate & Property,Platform,50K+ visitors,Africa real estate investment insights and deals,Content partnership + affiliate,New
Ghana Real Estate Developers Assoc,Real Estate & Property,Association,Industry,Industry body for Ghanaian real estate developers,Institutional partnership,New
Real Estate Institute of SA,Real Estate & Property,Professional Body,Industry,SA real estate professional body,Thought leadership,New
Kenya Property Developers Assoc,Real Estate & Property,Association,Industry,Kenyan real estate industry body,Institutional partnership,New
Nigerian Institution of Estate Surveyors,Real Estate & Property,Professional Body,Industry,Nigeria's estate surveying professional body,Institutional partnership,New
Africa PropTech Forum,Real Estate & Property,Community/Event,5K+ members,Community connecting African proptech innovators,Tech partnership + event,New
Roofstock Africa (expansion),Real Estate & Property,Platform,500K+ US users,US rental property platform exploring African markets,Strategic partnership discussion,New
EarnYourLeisure,Business & Investment Education,YouTube/Podcast,1.2M+ subscribers,Investment and entrepreneurship podcast — massive Black audience,Podcast appearance + joint webinar,New
Wallstreet Trapper,Business & Investment Education,YouTube/Social,1M+ followers,Stock market education for the culture — wealth building alignment,Podcast exchange + co-content,New
Ian Dunlap (The Market Monday),Business & Investment Education,Podcast/Social,500K+ followers,Investment education with EYL — stock market expertise,Podcast appearance,New
Rashad Bilal,Business & Investment Education,Podcast/Social,500K+ followers,EYL co-host — entrepreneurship and wealth building,Podcast appearance,New
M.O. (Market Open),Business & Investment Education,YouTube,200K+ subscribers,African stock market education — Nigerian and SA markets,Joint webinar + co-content,New
Humphrey Yang,Business & Investment Education,YouTube,3M+ subscribers,Personal finance education — growing Africa-related content,Sponsored content + co-video,New
Nate O'Brien,Business & Investment Education,YouTube,1.3M+ subscribers,Minimalist money and investing — wealth building audience,Sponsored content,New
Graham Stephan,Business & Investment Education,YouTube,4.5M+ subscribers,Real estate and personal finance — massive audience,Sponsored content,New
Minority Mindset (Jaspreet Singh),Business & Investment Education,YouTube,1.5M+ subscribers,Money education for minorities — perfect demographic overlap,Podcast + sponsored content,New
The Iced Coffee Hour,Business & Investment Education,YouTube/Podcast,1M+ subscribers,Business and finance interviews — growing audience,Podcast appearance,New
My First Million,Business & Investment Education,Podcast,500K+ listeners/ep,Business ideas and entrepreneurship — Sam Parr and Shaan Puri,Podcast appearance,New
Starter Story,Business & Investment Education,Newsletter/Podcast,500K+ subscribers,How entrepreneurs start businesses — case study format,Feature + co-content,New
The Builders by Joe Kinvi,Business & Investment Education,Newsletter,50K+ subscribers,Africa-focused business and tech newsletter — diaspora audience,Newsletter sponsorship + co-content,New
Stears (formerly Stears Business),Business & Investment Education,Newsletter/Platform,200K+ readers,Nigerian business intelligence and data journalism,Content partnership + native ads,New
TechCabal,Business & Investment Education,Media,1M+ monthly visitors,African tech news and analysis — industry insider audience,Sponsored content + native ads,New
Disrupt Africa,Business & Investment Education,Media,500K+ monthly visitors,African startup and innovation news,Content partnership,New
Techpoint Africa,Business & Investment Education,Media,2M+ monthly visitors,Nigerian tech and startup news,Sponsored content,New
Ventures Africa,Business & Investment Education,Media,500K+ monthly visitors,African business and lifestyle media,Content partnership,New
How We Made It In Africa,Business & Investment Education,Media,500K+ monthly visitors,African business success stories and insights,Content partnership,New
African Business Magazine,Business & Investment Education,Media,200K+ readers,Pan-African business magazine — institutional readership,Advertorial + content,New
Forbes Africa,Business & Investment Education,Media,1M+ monthly visitors,Forbes' African edition — business leadership audience,Feature + thought leadership,New
Business Day (Nigeria),Business & Investment Education,Media,2M+ monthly visitors,Nigeria's leading business newspaper,Content partnership,New
Financial Mail (SA),Business & Investment Education,Media,500K+ readers,SA's leading financial weekly,Content partnership,New
Business Maverick (Daily Maverick),Business & Investment Education,Media,2M+ monthly visitors,SA's investigative business journalism,Content partnership,New
Quartz Africa,Business & Investment Education,Media,5M+ monthly visitors globally,Global business media with strong Africa bureau,Content partnership,New
Rest of World,Business & Investment Education,Media,5M+ monthly visitors,Tech journalism covering Global South including Africa,Content partnership,New
Semafor Africa,Business & Investment Education,Media,2M+ monthly visitors,Modern global news with Africa vertical,Content partnership,New
The Big Deal Africa,Business & Investment Education,Newsletter,50K+ subscribers,Tracks every funded African startup — data-driven insights,Data partnership + co-content,New
Africa: The Big Deal,Business & Investment Education,Newsletter,50K+ subscribers,African startup funding tracker — free weekly updates,Newsletter sponsorship,New
Parrot Analytics Africa,Business & Investment Education,Data,Industry,Global content demand analytics with African data,Data partnership,New
WeeTracker,Business & Investment Education,Media,200K+ monthly visitors,African tech startup ecosystem tracking,Content partnership,New
iAfrikan,Business & Investment Education,Media,200K+ monthly visitors,African tech and innovation news,Content partnership,New
Moguldom Nation,Business & Investment Education,Media,1M+ monthly visitors,Black business and wealth media network,Sponsored content + co-content,New
Afro Tech,Business & Investment Education,Media,2M+ monthly visitors,Blavity's Black tech community — conferences and content,Sponsored content + event,New
Black Tech Green Money,Business & Investment Education,Podcast,200K+ listeners,Wealth building through tech for the Black community,Podcast appearance,New
Tribe of Mentors Africa,Business & Investment Education,Community,50K+ members,African mentorship and business community,Community partnership,New
African Leadership Academy,Business & Investment Education,Education,50K+ alumni,Premier Pan-African leadership institution,Educational partnership,New
African Leadership University,Business & Investment Education,Education,10K+ students,Pan-African university with campuses in Rwanda and Mauritius,Academic partnership + guest lectures,New
MEST Africa,Business & Investment Education,Incubator,500+ portfolio companies,Pan-African tech incubator and training program,Partnership + mentorship,New
Endeavor Africa,Business & Investment Education,Network,2K+ entrepreneurs,Global entrepreneurship network with African chapters,Network partnership,New
Tony Elumelu Foundation,Business & Investment Education,Foundation,1M+ applicants,Africa's largest entrepreneurship program — $100M commitment,Strategic partnership + content,New
Dangote Foundation,Business & Investment Education,Foundation,Pan-African reach,Philanthropic arm of Africa's richest man,Strategic alignment + event,New
Mandela Rhodes Foundation,Business & Investment Education,Foundation,1K+ scholars,Leadership development across Africa,Educational partnership,New
Mastercard Foundation Africa,Business & Investment Education,Foundation,Pan-African,Major funder of African education and youth employment,Institutional partnership,New
Africa50,Business & Investment Education,Investment,23 African countries,Infrastructure investment platform for Africa — AfDB backed,Investment content + thought leadership,New
Helios Investment Partners,Business & Investment Education,PE,Africa-focused,One of the largest Africa-focused PE firms,Investment content + co-webinar,New
Development Partners Int'l,Business & Investment Education,PE,Africa-focused,Africa-focused PE firm — mid-cap investments,Investment content,New
Verod Capital,Business & Investment Education,PE,Nigeria-focused,Nigerian private equity firm — strong SME portfolio,Investment content + co-content,New
TLcom Capital,Business & Investment Education,VC,Africa-focused,"Leading Africa-focused VC — backed Andela, Twiga, etc.",Investment content + startup ecosystem,New
Partech Africa,Business & Investment Education,VC,Africa-focused,Global VC with $300M Africa fund,Investment content + startup content,New
Novastar Ventures,Business & Investment Education,VC,East Africa,East Africa-focused impact VC,Investment content,New
Future Africa,Business & Investment Education,VC,Pan-African,Iyin Aboyeji's Africa-focused VC fund,Investment content + podcast,New
54 Collective (formerly Naspers Foundry),Business & Investment Education,VC,Pan-African,Africa tech investment firm,Investment content,New
LoftyInc Allied Partners,Business & Investment Education,VC,Pan-African,Nigeria-based VC with Pan-African portfolio,Investment content,New
Oui Capital,Business & Investment Education,VC,Pan-African,African VC publishing cross-border payments research,Research partnership + co-content,New
Africa Angels Network,Business & Investment Education,Angel Network,Pan-African,Pan-African angel investment network,Angel investing content + community,New
Microtraction,Business & Investment Education,VC,Nigeria-focused,Pre-seed African startup fund,Startup content + co-webinar,New
Ingressive Capital,Business & Investment Education,VC,Africa-focused,Invests in African tech startups — $50M fund,Investment content + ecosystem,New
Launch Africa Ventures,Business & Investment Education,VC,Pan-African,One of Africa's most active early-stage investors,Investment content,New
CRE Venture Capital,Business & Investment Education,VC,Africa-focused,Africa-focused venture capital — tech and fintech,Investment content,New
Ventures Platform,Business & Investment Education,VC,Nigeria-focused,Nigerian early-stage VC with strong portfolio,Investment content + startup content,New
GreenHouse Capital,Business & Investment Education,VC,Nigeria-focused,Nigerian VC backing fintech and health startups,Investment content,New
Algebra Ventures,Business & Investment Education,VC,North Africa,Egyptian VC — MENA/Africa crossover,Investment content,New
4DX Ventures,Business & Investment Education,VC,Pan-African,US-based Africa-focused VC,Investment content + co-webinar,New
Chandaria Industries,Business & Investment Education,Conglomerate,East Africa,Kenyan-Indian business empire — diversified investments,Brand alignment,New
Equity BCDC,Business & Investment Education,Investment,DRC/Pan-African,Equity Bank's DRC arm — emerging market investment,Investment content,New
Norfund Africa,Business & Investment Education,DFI,Pan-African,Norwegian investment fund for Africa — institutional partner,Institutional visibility,New
British International Investment (BII),Business & Investment Education,DFI,Pan-African,UK DFI with massive Africa portfolio — formerly CDC,Institutional thought leadership,New
Proparco,Business & Investment Education,DFI,Pan-African,French DFI investing in African private sector,Institutional partnership,New
FMO Africa,Business & Investment Education,DFI,Pan-African,Dutch development bank with African investments,Institutional partnership,New
DEG (German Investment Corp),Business & Investment Education,DFI,Pan-African,German DFI financing private sector in Africa,Institutional partnership,New
AfricArena,Business & Investment Education,Event/Community,10K+ attendees,Africa's premier tech and investment conference — Cape Town,Event partnership + sponsorship,New
Africa Tech Summit,Business & Investment Education,Event,3K+ attendees,Pan-African tech conference — Nairobi and London,Event partnership,New
GITEX Africa,Business & Investment Education,Event,50K+ attendees,Africa's largest tech and startup event — Marrakech,Event partnership,New
Invest Africa,Business & Investment Education,Network,5K+ members,Platform connecting global investors with African opportunities,Network partnership + co-events,New
Africa CEO Forum,Business & Investment Education,Event,2K+ attendees,Annual gathering of Africa's top business leaders,Event partnership,New
Fragomen (Africa Immigration),Legal & Professional Services,Law Firm,Global,World's largest immigration firm with African offices — visa and work permits,Referral partnership + co-content,New
Dentons Africa,Legal & Professional Services,Law Firm,Pan-African,World's largest law firm — offices across Africa,Professional partnership + webinar,New
Baker McKenzie Africa,Legal & Professional Services,Law Firm,Pan-African,"Global law firm with Johannesburg, Cairo offices",Professional partnership,New
Bowmans (Bowman Gilfillan),Legal & Professional Services,Law Firm,Pan-African,"Leading African law firm — SA, Kenya, Uganda, Tanzania, Madagascar",Legal content partnership + referral,New
ALN (Africa Legal Network),Legal & Professional Services,Law Network,Pan-African,Network of leading law firms across 15 African countries,Network partnership + referral,New
ALSA Group,Legal & Professional Services,Law Firm,Pan-African,Pan-African legal services alliance,Professional partnership,New
ENSafrica,Legal & Professional Services,Law Firm,Pan-African,Africa's largest law firm — offices in 6 countries,Legal content + co-webinar,New
Cliffe Dekker Hofmeyr,Legal & Professional Services,Law Firm,South Africa,Leading SA law firm — corporate and commercial,Professional partnership,New
Webber Wentzel,Legal & Professional Services,Law Firm,South Africa,Top-tier SA law firm — cross-border transactions,Professional partnership,New
Werksmans Attorneys,Legal & Professional Services,Law Firm,South Africa,Premier SA business law firm,Professional partnership,New
Banwo & Ighodalo,Legal & Professional Services,Law Firm,Nigeria,"Leading Nigerian law firm — corporate, energy, finance",Professional partnership,New
Aluko & Oyebode,Legal & Professional Services,Law Firm,Nigeria,Top Nigerian law firm — cross-border transactions,Professional partnership,New
Templars Law,Legal & Professional Services,Law Firm,Nigeria,Full-service Nigerian law firm,Professional partnership,New
KPMG Africa,Legal & Professional Services,Professional Services,Pan-African,"Big Four with extensive African practice — audit, tax, advisory",Thought leadership + co-content,New
PwC Africa,Legal & Professional Services,Professional Services,Pan-African,Big Four — Africa practice across 30+ countries,Thought leadership,New
Deloitte Africa,Legal & Professional Services,Professional Services,Pan-African,Big Four — largest professional services network in Africa,Thought leadership + event,New
EY Africa,Legal & Professional Services,Professional Services,Pan-African,Big Four — Africa advisory and consulting,Thought leadership,New
McKinsey Africa,Legal & Professional Services,Consulting,Pan-African,"Global consulting with offices in Lagos, Nairobi, Johannesburg",Thought leadership + research,New
BCG Africa,Legal & Professional Services,Consulting,Pan-African,Global consulting with growing African presence,Thought leadership,New
Bain Africa,Legal & Professional Services,Consulting,Pan-African,Global consulting — Johannesburg office,Thought leadership,New
Sholegal Advisory,Legal & Professional Services,Legal Advisory,Nigeria/UK,Nigerian law firm serving diaspora — business setup specialists,Referral partnership + co-webinar,New
Olisa Agbakoba Legal (OAL),Legal & Professional Services,Law Firm,Nigeria,"Leading Nigerian firm — maritime, IP, corporate",Professional partnership,New
Ashurst Africa,Legal & Professional Services,Law Firm,Pan-African,"Global firm with Africa focus — mining, energy, infrastructure",Professional partnership,New
Norton Rose Fulbright Africa,Legal & Professional Services,Law Firm,Pan-African,"Global firm — Johannesburg, Durban, Cape Town",Professional partnership,New
DLA Piper Africa,Legal & Professional Services,Law Firm,Pan-African,Global firm with African member firms,Professional partnership,New
Hogan Lovells Africa,Legal & Professional Services,Law Firm,Pan-African,Global firm — Johannesburg office,Professional partnership,New
White & Case Africa,Legal & Professional Services,Law Firm,Pan-African,"Global firm — Johannesburg, Africa-focused practice",Professional partnership,New
Freshfields Africa,Legal & Professional Services,Law Firm,Pan-African,Global firm with growing African practice,Professional partnership,New
Jackson Etti & Edu,Legal & Professional Services,Law Firm,Nigeria,Nigerian full-service law firm — diaspora business services,Referral partnership,New
AELEX,Legal & Professional Services,Law Firm,Nigeria,"Nigerian firm — corporate, energy, IP, real estate",Professional partnership,New
Anjarwalla & Khanna,Legal & Professional Services,Law Firm,East Africa,Leading East African law firm — Kenya based,Professional partnership,New
Kaplan & Stratton,Legal & Professional Services,Law Firm,Kenya,One of Kenya's oldest and most respected law firms,Professional partnership,New
Coulson Harney (Bowmans Kenya),Legal & Professional Services,Law Firm,Kenya,Top Kenyan law firm — part of Bowmans group,Professional partnership,New
Hamilton Harrison & Mathews,Legal & Professional Services,Law Firm,Kenya,Leading Kenyan corporate law firm,Professional partnership,New
Iseme Kamau & Maema,Legal & Professional Services,Law Firm,Kenya,Kenyan firm — part of DLA Piper Africa group,Professional partnership,New
Bentsi-Enchill Letsa & Ankomah,Legal & Professional Services,Law Firm,Ghana,Ghana's leading law firm — corporate and commercial,Professional partnership + referral,New
AB & David,Legal & Professional Services,Law Firm,Ghana,"Top Ghanaian law firm — energy, finance, real estate",Professional partnership,New
KPMG Africa Tax Practice,Legal & Professional Services,Tax Advisory,Pan-African,Pan-African tax advisory — cross-border tax planning,Tax content partnership + webinar,New
PwC Africa Tax,Legal & Professional Services,Tax Advisory,Pan-African,Pan-African tax services — diaspora tax planning,Tax content + co-webinar,New
Mazars Africa,Legal & Professional Services,Professional Services,Pan-African,International audit and advisory — Africa practice,Professional partnership,New
Grant Thornton Africa,Legal & Professional Services,Professional Services,Pan-African,Audit and advisory with African offices,Professional partnership,New
BDO Africa,Legal & Professional Services,Professional Services,Pan-African,International audit and advisory — Africa network,Professional partnership,New
RSM Africa,Legal & Professional Services,Professional Services,Pan-African,Global audit and tax with African presence,Professional partnership,New
Africa Practice,Legal & Professional Services,Advisory,Pan-African,Africa-focused strategic advisory firm,Strategic partnership + co-content,New
Control Risks Africa,Legal & Professional Services,Risk Advisory,Pan-African,Political and security risk consulting in Africa,Thought leadership + risk content,New
Marsh Africa,Legal & Professional Services,Insurance,Pan-African,Global insurance broker — African risk management,Professional partnership,New
Aon Africa,Legal & Professional Services,Insurance,Pan-African,Global risk advisory — African practice,Professional partnership,New
Standard Chartered Africa Advisory,Legal & Professional Services,Advisory,Pan-African,Advisory services for Africa investments,Investment content + co-webinar,New
Citi Africa,Legal & Professional Services,Banking/Advisory,Pan-African,Citibank's African advisory and banking services,Institutional partnership,New
JP Morgan Africa,Legal & Professional Services,Banking/Advisory,Pan-African,JP Morgan's African capital markets practice,Institutional partnership,New
Goldman Sachs Africa,Legal & Professional Services,Banking/Advisory,Pan-African,GS African investments and advisory,Institutional partnership,New
Visa Inc. Africa,Legal & Professional Services,Payments,Pan-African,Visa's African operations — digital payments expansion,Strategic partnership,New
Mastercard Africa,Legal & Professional Services,Payments,Pan-African,Mastercard's African operations — financial inclusion mission,Strategic partnership + event,New
Africa Business Law Hub,Legal & Professional Services,Legal Media,50K+ visitors/mo,Online platform for African business law updates,Content partnership,New
African Law and Business,Legal & Professional Services,Legal Media,50K+ readers,Publication covering legal developments across Africa,Content partnership,New
Lagos Business School,Legal & Professional Services,Education,10K+ alumni,Nigeria's premier business school — Pan African University,Academic partnership + guest lectures,New
Strathmore Business School,Legal & Professional Services,Education,5K+ alumni,Kenya's leading private business school,Academic partnership,New
UCT Graduate School of Business,Legal & Professional Services,Education,10K+ alumni,SA's top business school — Africa-focused MBA,Academic partnership,New
GIBS (Gordon Institute),Legal & Professional Services,Education,10K+ alumni,Leading SA business school — Pretoria based,Academic partnership,New
Wits Business School,Legal & Professional Services,Education,5K+ alumni,University of Witwatersrand business school — Johannesburg,Academic partnership,New
African American Attorney Network,Legal & Professional Services,Network,50K+ members,Network of Black attorneys — potential legal service referrals,Referral partnership,New
National Bar Association,Legal & Professional Services,Association,60K+ members,Oldest national network of Black attorneys — USA based,Referral partnership + event,New
African Diaspora Legal Network,Legal & Professional Services,Network,5K+ members,Lawyers serving the African diaspora,Referral partnership,New
Immigration Advocates Network,Legal & Professional Services,Network,Industry,Pro bono immigration legal services network,Content partnership,New
Global Citizen Africa,Legal & Professional Services,Campaign,10M+ followers globally,Campaign platform advocating for African development,Campaign partnership + event,New
NAACP,Diaspora Community Organizations,Organization,500K+ members,Oldest civil rights org — connects with Ashley's demographic of professional Black Americans,Institutional partnership + event,New
National Urban League,Diaspora Community Organizations,Organization,90+ affiliates,Economic empowerment of Black communities — professional audience,Partnership + event,New
Congressional Black Caucus Foundation,Diaspora Community Organizations,Organization,Industry,Political advocacy for Black Americans — annual legislative conference,Event partnership,New
100 Black Men of America,Diaspora Community Organizations,Organization,10K+ members,Professional Black male mentorship — affluent audience,Event partnership + co-content,New
National Council of Negro Women,Diaspora Community Organizations,Organization,40K+ members,Black women's advocacy — aligns with Ashley's female audience,Partnership + event,New
Jack and Jill of America,Diaspora Community Organizations,Organization,40K+ families,Premier Black family organization — affluent audience,Event partnership,New
Alpha Kappa Alpha Sorority,Diaspora Community Organizations,Organization,300K+ members,Largest Black sorority — professional women network,Partnership + event,New
Delta Sigma Theta Sorority,Diaspora Community Organizations,Organization,300K+ members,Public service sorority — professional women,Partnership + event,New
Alpha Phi Alpha Fraternity,Diaspora Community Organizations,Organization,200K+ members,First Black fraternity — professional men,Partnership + event,New
Kappa Alpha Psi Fraternity,Diaspora Community Organizations,Organization,150K+ members,Achievement-focused fraternity — professional men,Partnership + event,New
National Black MBA Association,Diaspora Community Organizations,Organization,20K+ members,Black MBA professionals — annual conference,Event partnership + sponsorship,New
National Society of Black Engineers,Diaspora Community Organizations,Organization,30K+ members,Black engineers — tech and professional audience,Event partnership,New
National Association of Black Journalists,Diaspora Community Organizations,Organization,4K+ members,Black journalists — media partnership potential,Content partnership + event,New
National Black Chamber of Commerce,Diaspora Community Organizations,Organization,100K+ Black-owned businesses,Advocacy for Black businesses — strong business owner audience,Partnership + co-events,New
US African Development Foundation,Diaspora Community Organizations,Govt Agency,Industry,US government agency supporting African development,Institutional partnership,New
Constituency for Africa,Diaspora Community Organizations,Organization,50K+ supporters,US-based advocacy for African development and trade,Partnership + event,New
Africa-America Institute,Diaspora Community Organizations,Organization,30K+ alumni,Educational exchange between Africa and America since 1953,Academic partnership + events,New
African Diaspora Network,Diaspora Community Organizations,Network,5K+ members,Silicon Valley-based network connecting diaspora entrepreneurs,Network partnership + event,New
Global Black Caucus,Diaspora Community Organizations,Network,Industry,Connecting Black elected officials globally including Africa,Institutional partnership,New
BlackRock Africa Initiative,Diaspora Community Organizations,Corporate,Industry,BlackRock's growing Africa investment thesis,Institutional content + thought leadership,New
Afro-Caribbean Society Networks,Diaspora Community Organizations,Community,Various,Caribbean diaspora networks with African heritage connections,Community partnership,New
Caribbean African Network,Diaspora Community Organizations,Network,10K+ members,Connecting Caribbean and African diaspora communities,Community exchange + events,New
Afri-Caribbean Trade & Investment Forum,Diaspora Community Organizations,Event,1K+ attendees,Trade and investment event connecting Africa and Caribbean,Event partnership,New
Ghana Diaspora Affairs Office,Diaspora Community Organizations,Govt Office,Industry,Ghanaian government office serving the diaspora,Institutional partnership,New
Nigerian Diaspora Commission (NIDCOM),Diaspora Community Organizations,Govt Agency,Industry,Nigerian government commission for diaspora engagement,Institutional partnership,New
Kenya Diaspora Alliance,Diaspora Community Organizations,Network,50K+ members,Connecting Kenyan diaspora for investment and development,Community partnership,New
South African Diaspora Network,Diaspora Community Organizations,Network,10K+ members,SA diaspora community across the world,Community partnership,New
Ethiopian Diaspora Trust Fund,Diaspora Community Organizations,Fund,Industry,Diaspora-funded development initiative for Ethiopia,Institutional partnership,New
Rwandan Diaspora Global Network,Diaspora Community Organizations,Network,20K+ members,Connecting Rwandan diaspora worldwide,Community partnership,New
Senegalese American Association,Diaspora Community Organizations,Organization,5K+ members,Senegalese community in the US,Community partnership,New
Association of Nigerians Abroad,Diaspora Community Organizations,Organization,50K+ members,Nigerian diaspora association,Community partnership + event,New
Ghanaian Association of Various US Cities,Diaspora Community Organizations,Organizations,Various,Ghanaian community associations across US cities,Community outreach,New
Year of Return Foundation,Diaspora Community Organizations,Organization,Industry,Continuing Ghana's Year of Return momentum,Strategic partnership,New
Beyond the Return,Diaspora Community Organizations,Campaign,Industry,Ghana's post-2019 campaign for sustained diaspora engagement,Campaign partnership,New
December in GH,Diaspora Community Organizations,Event/Movement,100K+ participants,Annual diaspora event drawing thousands to Ghana,Event sponsorship + brand visibility,New
Afrochella,Diaspora Community Organizations,Event,50K+ attendees,Ghana's premier Afrobeats and culture festival — December,Event sponsorship + brand partnership,New
Afro Nation,Diaspora Community Organizations,Event,30K+ attendees,"Global Afrobeats festival — Ghana, Portugal, Puerto Rico",Event sponsorship,New
Detty December,Diaspora Community Organizations,Movement,Cultural phenomenon,Annual Lagos party season drawing diaspora tourists,Content + event partnership,New
Chale Wote Festival,Diaspora Community Organizations,Event,50K+ attendees,Accra street art festival — diaspora cultural touchpoint,Event sponsorship,New
Felabration,Diaspora Community Organizations,Event,100K+ attendees,Annual Lagos music festival honoring Fela Kuti,Event partnership,New
Lake of Stars Festival,Diaspora Community Organizations,Event,5K+ attendees,Malawi's premier music and arts festival on Lake Malawi,Event partnership,New
Cape Town Jazz Festival,Diaspora Community Organizations,Event,30K+ attendees,Africa's premier jazz festival — premium audience,Event sponsorship + brand visibility,New
Lagos Photo Festival,Diaspora Community Organizations,Event,10K+ attendees,International photography festival in Lagos,Event partnership,New
Joburg Film Festival,Diaspora Community Organizations,Event,10K+ attendees,SA's premier film festival,Event partnership,New
Africa Magic Viewers' Choice Awards,Diaspora Community Organizations,Event,10M+ viewers,Africa's biggest entertainment awards show,Brand visibility + sponsorship,New
ONE Campaign Africa,Diaspora Community Organizations,Advocacy,10M+ supporters,Global advocacy organization co-founded by Bono — Africa focus,Campaign partnership,New
Africa.com,Diaspora Community Organizations,Media/Platform,1M+ monthly visitors,Pan-African news and community platform,Content partnership + native ads,New
WhatsApp Diaspora Groups,Diaspora Community Organizations,Community,Millions,Informal diaspora communities on WhatsApp — organic reach,Community outreach strategy,New
Facebook Diaspora Groups,Diaspora Community Organizations,Community,Various,"Diaspora communities on Facebook — Ghana, Nigeria, Kenya, SA focused",Community engagement,New
Reddit r/Africa,Diaspora Community Organizations,Community,200K+ members,Reddit's Africa community — discussion and news,Community engagement + AMA,New
Clubhouse Africa Rooms,Diaspora Community Organizations,Audio,Various,Live audio conversations on African topics,Room hosting + thought leadership,New
Twitter/X Africa Communities,Diaspora Community Organizations,Social,Various,"African tech, business, and diaspora Twitter communities",Social engagement + thought leadership,New
LinkedIn Africa Groups,Diaspora Community Organizations,Social,Various,Professional networking groups for African business,Thought leadership + content,New
Diaspora Africa Forum,Diaspora Community Organizations,Organization,Industry,Continental body representing African diaspora interests,Institutional partnership,New
AU Diaspora Division,Diaspora Community Organizations,Institutional,Pan-African,African Union's engagement with the diaspora — 6th Region,Institutional partnership,New
ECOWAS Diaspora Engagement,Diaspora Community Organizations,Institutional,West Africa,West African economic community diaspora programs,Institutional partnership,New
US State Dept African Affairs,Diaspora Community Organizations,Govt,Industry,US government Africa policy — Young African Leaders Initiative,Institutional visibility,New
YALI (Young African Leaders Initiative),Diaspora Community Organizations,Program,700K+ alumni,US government program for young African leaders,Alumni partnership + event,New
Mandela Washington Fellowship,Diaspora Community Organizations,Fellowship,5K+ fellows,Flagship program of YALI — annual US exchange,Alumni partnership,New
Chevening Africa Alumni,Diaspora Community Organizations,Fellowship,10K+ fellows,UK government scholarship alumni in Africa,Alumni partnership,New
Fulbright Africa Alumni,Diaspora Community Organizations,Fellowship,5K+ fellows,US exchange program alumni across Africa,Alumni partnership,New
Mo Ibrahim Foundation,Diaspora Community Organizations,Foundation,Industry,Governance and leadership foundation — annual prize and index,Thought leadership + partnership,New
Africa No Filter,Diaspora Community Organizations,Campaign,500K+ followers,Changing the narrative about Africa through media,Content partnership + campaign,New
BBC Africa,Diaspora Community Organizations,Media,100M+ audience,"BBC's Africa bureau — news, documentaries, culture",Media partnership,New
Al Jazeera Africa,Diaspora Community Organizations,Media,50M+ audience,Al Jazeera's African coverage and documentaries,Media partnership,New
The Continent (newsletter),Diaspora Community Organizations,Newsletter,200K+ subscribers,Pan-African weekly newsletter distributed via WhatsApp,Newsletter sponsorship,New
African Arguments (IAI),Diaspora Community Organizations,Media,500K+ visitors/mo,In-depth African political and cultural analysis,Content partnership,New
Mail & Guardian Africa,Diaspora Community Organizations,Media,2M+ visitors/mo,SA's leading independent newspaper — Africa coverage,Content partnership,New
The East African,Diaspora Community Organizations,Media,1M+ visitors/mo,Leading East African regional newspaper,Content partnership,New
Citizen TV Kenya,Diaspora Community Organizations,Media,5M+ viewers,Kenya's most watched TV station,Media partnership,New
