First Name,Last Name,Title,Company Name,Company URL,Industry,Company Location,Company Size,LinkedIn Url,Email,Hiring Signal,Reason This Is a Strong Lead
Chipper,Cash,App/Platform,Chipper Cash,,Fintech & Banking,Africa,4M+ users,,,Co-promotion + sponsored content,Leading African cross-border payments app — diaspora users sending money home
Eversend,,App/Platform,Eversend,,Fintech & Banking,Africa,400K+ users,,,Affiliate + joint webinar,Pan-African neobank with multi-currency wallets — perfect for diaspora investors
Afriex,,App/Platform,Afriex,,Fintech & Banking,Africa,200K+ users,,,Co-promotion + podcast,Zero-fee cross-border transfers to 30+ African countries — diaspora-first product
LemFi,,App/Platform,LemFi,,Fintech & Banking,Africa,500K+ users,,,Affiliate partnership + co-content,Digital bank for African diaspora — multi-currency accounts for UK/US/Canada Africans
Bamboo,(Invest Bamboo),App/Platform,Bamboo (Invest Bamboo),,Fintech & Banking,Africa,300K+ users,,,Joint webinar + affiliate,Allows Africans to invest in US and Nigerian stocks — wealth building alignment
Risevest,,App/Platform,Risevest,,Fintech & Banking,Africa,200K+ users,,,Affiliate + co-branded content,"Dollar investment platform for Africans — real estate, stocks, fixed income"
Cowrywise,,App/Platform,Cowrywise,,Fintech & Banking,Africa,500K+ users,,,Co-promotion + sponsored content,Savings and investment app for Nigerians — wealth building for young professionals
PiggyVest,,App/Platform,PiggyVest,,Fintech & Banking,Africa,4M+ users,,,Sponsored content + joint campaign,Nigeria's leading savings platform — massive engaged audience of savers and investors
Flutterwave,,Platform,Flutterwave,,Fintech & Banking,Africa,1M+ merchants,,,Strategic partnership + event,African payments infrastructure — powers cross-border commerce
Paystack,(Stripe),Platform,Paystack (Stripe),,Fintech & Banking,Africa,200K+ merchants,,,Co-branded content + event,"Payment processing for African businesses — YC-backed, now owned by Stripe"
Grey,Finance,App/Platform,Grey Finance,,Fintech & Banking,Africa,200K+ users,,,Affiliate + joint content,"Foreign currency accounts for Africans — USD, GBP, EUR wallets"
Kuda,Bank,App/Platform,Kuda Bank,,Fintech & Banking,Africa,5M+ users,,,Sponsored content + co-promotion,"Free digital bank in Nigeria — young, mobile-first audience"
Carbon,(formerly Paylater),App/Platform,Carbon (formerly Paylater),,Fintech & Banking,Africa,1M+ users,,,Co-promotion,Digital bank with instant loans and investments — Nigerian market
Daba,Finance,Platform,Daba Finance,,Fintech & Banking,Africa,50K+ users,,,Podcast + joint webinar + affiliate,"Africa-focused investment platform for stocks, startups, and real estate"
Seso,Global,Platform,Seso Global,,Fintech & Banking,Africa,50K+ users,,,Strategic partnership + co-content,Africa's property marketplace with diaspora mortgage platform — blockchain-verified
NALA,,App/Platform,NALA,,Fintech & Banking,Africa,500K+ users,,,Affiliate + co-promotion,"Mobile money transfers to East Africa — Tanzanian-founded, diaspora-focused"
Payday,,App/Platform,Payday,,Fintech & Banking,Africa,100K+ users,,,Co-promotion + affiliate,Neobank issuing global accounts to Nigerians — freelancer and diaspora audience
Geegpay,,App/Platform,Geegpay,,Fintech & Banking,Africa,100K+ users,,,Co-branded content,Multi-currency accounts for African freelancers and remote workers
Send,App (Flutterwave),App/Platform,Send App (Flutterwave),,Fintech & Banking,Africa,200K+ users,,,Co-promotion,Fastest cross-border transfers powered by Flutterwave infrastructure
Mukuru,,Platform,Mukuru,,Fintech & Banking,Africa,10M+ users,,,Strategic partnership,Southern Africa's largest remittance provider — established diaspora trust
WorldRemit,,Platform,WorldRemit,,Fintech & Banking,Africa,5M+ users,,,Sponsored content + affiliate,Global remittance leader with strong Africa corridors — diaspora audience overlap
Sendwave,,App/Platform,Sendwave,,Fintech & Banking,Africa,2M+ users,,,Co-promotion + affiliate,Fee-free money transfers to Africa — strong US-to-Africa diaspora user base
Taptap,Send,App/Platform,Taptap Send,,Fintech & Banking,Africa,1M+ users,,,Affiliate partnership,Low-cost remittances from US/UK/EU to Africa — diaspora-first positioning
Stanbic,IBTC,Bank,Stanbic IBTC,,Fintech & Banking,Africa,2M+ customers,,,Co-branded financial education,Standard Bank subsidiary in Nigeria — investment and wealth management services
FNB,South Africa,Bank,FNB South Africa,,Fintech & Banking,Africa,8M+ customers,,,Brand partnership + co-content,Leading SA bank with diaspora banking products
Standard,Bank,Bank,Standard Bank,,Fintech & Banking,Africa,12M+ customers,,,Strategic partnership,Africa's largest bank — cross-border banking and investment products
Access,Bank,Bank,Access Bank,,Fintech & Banking,Africa,45M+ customers,,,Brand partnership,Nigeria's largest bank — expanding across Africa with diaspora services
Guaranty,Trust Bank,Bank,Guaranty Trust Bank,,Fintech & Banking,Africa,20M+ customers,,,Sponsored content + event,Nigeria's most innovative bank — strong digital and lifestyle brand
Investec,,Bank,Investec,,Fintech & Banking,Africa,500K+ clients,,,Co-branded wealth content,SA/UK wealth management — premium audience matches Ashley's high-ticket offer
Equity,Bank Kenya,Bank,Equity Bank Kenya,,Fintech & Banking,Africa,15M+ customers,,,Brand partnership,East Africa's largest bank — massive retail and SME audience
Capitec,Bank,Bank,Capitec Bank,,Fintech & Banking,Africa,20M+ customers,,,Co-promotion + event,SA's fastest-growing bank brand — doubled value in 2025
Absa,Group,Bank,Absa Group,,Fintech & Banking,Africa,12M+ customers,,,Strategic partnership,Pan-African bank across 12 countries — former Barclays Africa
Bank,of Kigali,Bank,Bank of Kigali,,Fintech & Banking,Africa,1M+ customers,,,Co-branded content,Rwanda's largest bank — strong Visit Rwanda and investment ecosystem
M-Pesa,(Safaricom),Platform,M-Pesa (Safaricom),,Fintech & Banking,Africa,50M+ users,,,Strategic partnership,Africa's largest mobile money platform — essential financial infrastructure
Chipper,Cash Invest,Platform,Chipper Cash Invest,,Fintech & Banking,Africa,500K+ users,,,Affiliate + co-content,Stock investment feature within Chipper Cash — US stocks for Africans
Trove,,App/Platform,Trove,,Fintech & Banking,Africa,200K+ users,,,Affiliate + podcast,Investment app allowing Africans to buy US and Nigerian stocks
Chaka,,App/Platform,Chaka,,Fintech & Banking,Africa,100K+ users,,,Affiliate + webinar,SEC-licensed investment platform for Nigerian and US stocks
Afrika.vc,,Platform,Afrika.vc,,Fintech & Banking,Africa,50K+ visitors/mo,,,Content partnership + affiliate,Africa-focused real estate investment community — diaspora investors
Diaspora,House,Community/Platform,Diaspora House,,Fintech & Banking,Africa,10K+ members,,,Joint webinar + co-investment content,Real estate investment community for diaspora — currently acquiring property in Nairobi
Mara,(crypto),Platform,Mara (crypto),,Fintech & Banking,Africa,100K+ users,,,Co-promotion,African-founded crypto exchange — Pan-African blockchain access
Quidax,,Platform,Quidax,,Fintech & Banking,Africa,500K+ users,,,Sponsored content,Nigerian crypto exchange — young investor audience
Luno,,Platform,Luno,,Fintech & Banking,Africa,10M+ users,,,Co-branded crypto education,"Africa's leading crypto platform — South Africa, Nigeria, Uganda"
Yellow,Card,Platform,Yellow Card,,Fintech & Banking,Africa,1M+ users,,,Co-promotion + affiliate,Pan-African crypto exchange across 20+ countries
Bundle,Africa,Platform,Bundle Africa,,Fintech & Banking,Africa,200K+ users,,,Co-promotion,Social payments and crypto trading for Africans
AZA,Finance,Platform,AZA Finance,,Fintech & Banking,Africa,Enterprise,,,B2B partnership,B2B cross-border payments infrastructure for Africa — powers many fintechs
Paga,,Platform,Paga,,Fintech & Banking,Africa,15M+ users,,,Strategic partnership,Nigerian mobile money and payments — strong merchant network
TeamApt,(Moniepoint),Platform,TeamApt (Moniepoint),,Fintech & Banking,Africa,10M+ users,,,Strategic partnership,Nigerian fintech powering merchant payments — massive SME network
Carbon,Zero,Platform,Carbon Zero,,Fintech & Banking,Africa,200K+ users,,,Affiliate,Carbon's wealth management arm — investment products for Nigerians
Patricia,,Platform,Patricia,,Fintech & Banking,Africa,300K+ users,,,Co-promotion,"Nigerian crypto and gift card platform — young, digital-savvy audience"
Carry1st,,Platform,Carry1st,,Fintech & Banking,Africa,5M+ users,,,Cross-promotion,African mobile payments and gaming — Gen Z and millennial audience
Umba,,App/Platform,Umba,,Fintech & Banking,Africa,100K+ users,,,Affiliate,Digital bank for Kenya and Nigeria — diaspora-friendly
Float,,Platform,Float,,Fintech & Banking,Africa,50K+ users,,,B2B content partnership,African SME banking and credit platform
TymeBank,,Bank,TymeBank,,Fintech & Banking,Africa,8M+ customers,,,Co-promotion,SA digital bank with rapid growth — affordable banking
Zenith,Bank,Bank,Zenith Bank,,Fintech & Banking,Africa,10M+ customers,,,Strategic partnership,Nigeria's most profitable bank — launched blockchain settlement in 2025
UBA,(United Bank for Africa),Bank,UBA (United Bank for Africa),,Fintech & Banking,Africa,20M+ customers,,,Brand partnership,Pan-African bank across 20 countries
Ecobank,,Bank,Ecobank,,Fintech & Banking,Africa,15M+ customers,,,Strategic partnership + event,Most geographically diverse African bank — 33 countries
First,Bank of Nigeria,Bank,First Bank of Nigeria,,Fintech & Banking,Africa,30M+ customers,,,Brand partnership,Nigeria's oldest bank — massive retail audience
Wema,Bank (ALAT),Bank,Wema Bank (ALAT),,Fintech & Banking,Africa,5M+ customers,,,Co-promotion,Nigeria's first fully digital bank — innovation-forward
Nedbank,,Bank,Nedbank,,Fintech & Banking,Africa,8M+ customers,,,Strategic partnership,SA bank with sustainability focus — ESG alignment with AIA mission
Currency,Assist,Platform,Currency Assist,,Fintech & Banking,Africa,50K+ users,,,Follow up — deepen partnership,SA-based currency transfer services — already contacted by Ashley
Wise,(TransferWise),Platform,Wise (TransferWise),,Fintech & Banking,Africa,16M+ customers,,,Affiliate + co-content,Global transfers with strong Africa corridors — massive diaspora usage
Remitly,,Platform,Remitly,,Fintech & Banking,Africa,5M+ customers,,,Affiliate partnership,Digital remittances to Africa — growing diaspora customer base
MoneyGram,,Platform,MoneyGram,,Fintech & Banking,Africa,150M+ users globally,,,Sponsored content,Legacy remittance with growing digital presence in Africa
PAPSS,(Pan-African Payment),Infrastructure,PAPSS (Pan-African Payment),,Fintech & Banking,Africa,17 countries connected,,,Thought leadership partnership,Afreximbank's real-time payment system — institutional partnership
Interswitch,,Platform,Interswitch,,Fintech & Banking,Africa,Enterprise,,,Strategic partnership,Africa's leading digital payments company — powers banking infrastructure
Thunes,,Platform,Thunes,,Fintech & Banking,Africa,Enterprise,,,B2B partnership,Cross-border payments network connecting 130+ countries including Africa
DLocal,,Platform,DLocal,,Fintech & Banking,Africa,Enterprise,,,B2B partnership,Emerging market payments platform with strong Africa presence
Cellulant,,Platform,Cellulant,,Fintech & Banking,Africa,Enterprise,,,Strategic partnership,Pan-African payments company across 35 countries
MFS,Africa,Platform,MFS Africa,,Fintech & Banking,Africa,400M+ mobile wallets,,,Strategic partnership,Africa's largest digital payments hub — connects mobile money networks
Tala,,App/Platform,Tala,,Fintech & Banking,Africa,6M+ users,,,Co-promotion,"Mobile lending in Kenya, Philippines, Mexico — financial inclusion focus"
Branch,,App/Platform,Branch,,Fintech & Banking,Africa,4M+ users,,,Co-promotion,"Digital lending in Kenya, Nigeria, India — AI-driven credit"
FairMoney,,App/Platform,FairMoney,,Fintech & Banking,Africa,3M+ users,,,Co-promotion,Nigerian digital lending and banking — serving underbanked
Palmpay,,App/Platform,Palmpay,,Fintech & Banking,Africa,30M+ users,,,Sponsored content,Nigerian mobile payments — one of the fastest growing fintechs in Africa
OPay,,App/Platform,OPay,,Fintech & Banking,Africa,35M+ users,,,Sponsored content + event,"Nigerian super-app for payments, rides, food — massive young audience"
Fundall,,App/Platform,Fundall,,Fintech & Banking,Africa,100K+ users,,,Co-branded financial education,Nigerian personal finance management app
Travel,Noire,Media/Community,Travel Noire,,Travel & Relocation,Africa,500K+ followers,,,Guest content + co-promotion + podcast,Leading Black travel media brand — directly serves Ashley's audience demographic
Tastemakers,Africa,Platform,Tastemakers Africa,,Travel & Relocation,Africa,200K+ followers,,,Co-branded travel content + joint tours,"Curated African experiences for travelers — dining, culture, adventure"
Blavity,/ Travel Noire (parent),Media Network,Blavity / Travel Noire (parent),,Travel & Relocation,Africa,100M+ monthly impressions,,,Sponsored content + native ads,Largest Black digital media company — Travel Noire is their travel vertical
Wode,Maya,YouTube,Wode Maya,,Travel & Relocation,Africa,2.5M+ subscribers,,,Joint content + podcast appearance + co-tour,Ghana-based YouTuber connecting global diaspora to Africa — massive engaged audience
African,Diaspora News Channel,YouTube,African Diaspora News Channel,,Travel & Relocation,Africa,1.9M subscribers,,,Podcast exchange + co-promotion + native content,"Largest African diaspora news channel — original journalism, cultural analysis"
Passport,Heavy,Instagram/YouTube,Passport Heavy,,Travel & Relocation,Africa,300K+ followers,,,Co-promotion + group trip partnership,Black travel community showcasing global destinations with strong Africa content
Martinique,Lewis / ABC Travel Green Book,App/Platform,Martinique Lewis / ABC Travel Green Book,,Travel & Relocation,Africa,100K+ followers,,,App partnership + co-promotion + event,Award-winning app for Black travelers finding Black-owned businesses globally
Nomad,Africa Magazine,Media,Nomad Africa Magazine,,Travel & Relocation,Africa,200K+ readers,,,Advertorial + brand partnership,Africa's premier travel magazine — luxury and adventure travel across the continent
Magical,Kenya (Kenya Tourism Board),Tourism Board,Magical Kenya (Kenya Tourism Board),,Travel & Relocation,Africa,500K+ followers,,,Tourism partnership + co-branded content,Kenya's national tourism brand — budget for global diaspora campaigns
Rwanda,Development Board,Govt Agency,Rwanda Development Board,,Travel & Relocation,Africa,200K+ followers,,,Partnership expansion — already contacted,"Sponsors Arsenal, PSG, Bayern Munich — massive global partnership engine"
South,Africa Tourism,Tourism Board,South Africa Tourism,,Travel & Relocation,Africa,1M+ followers,,,Tourism partnership + co-promotion,SA's global tourism marketing body with large budget
Ghana,Tourism Authority,Tourism Board,Ghana Tourism Authority,,Travel & Relocation,Africa,100K+ followers,,,Co-branded heritage tourism content,Year of Return success — continues to market Ghana to diaspora
Ethiopian,Airlines,Airline,Ethiopian Airlines,,Travel & Relocation,Africa,1M+ followers,,,Brand partnership + in-flight visibility,"Africa's largest airline — 58% of regional passengers, 100+ intl destinations"
Kenya,Airways,Airline,Kenya Airways,,Travel & Relocation,Africa,500K+ followers,,,Co-branded travel campaign,SkyTeam Alliance — connecting diaspora to East Africa
RwandAir,,Airline,RwandAir,,Travel & Relocation,Africa,200K+ followers,,,Brand partnership + co-promotion,"Rwanda's national carrier — Qatar Airways backing, Visit Rwanda alignment"
South,African Airways,Airline,South African Airways,,Travel & Relocation,Africa,300K+ followers,,,Event sponsorship + brand partnership,National carrier — hosting AFRAA convention May 2026
LIFT,Airline,Airline,LIFT Airline,,Travel & Relocation,Africa,50K+ followers,,,Co-promotion,New-gen SA airline with modern brand and younger audience
Airlink,,Airline,Airlink,,Travel & Relocation,Africa,100K+ followers,,,Brand partnership,25% Qatar Airways owned — regional African routes
Blaxit,Global,Community,Blaxit Global,,Travel & Relocation,Africa,100K+ followers,,,Joint events + co-content + community exchange,Movement of Black Americans relocating to Africa — perfect audience overlap
Relocate,to Africa,YouTube/Community,Relocate to Africa,,Travel & Relocation,Africa,50K+ subscribers,,,Podcast exchange + co-content,Practical relocation advice for diaspora moving to Africa
Life,in Lagos,YouTube,Life in Lagos,,Travel & Relocation,Africa,200K+ subscribers,,,Guest appearances + co-content,Nigerian lifestyle and relocation content for returning diaspora
Ghana,Homecoming,Events/Community,Ghana Homecoming,,Travel & Relocation,Africa,100K+ community,,,Event partnership + sponsorship,Annual homecoming event bringing diaspora to Ghana
Afropolitan,,Membership/App,Afropolitan,,Travel & Relocation,Africa,50K+ members,,,Strategic partnership + co-events,Digital nation for the African diaspora — membership model
Accra,City Tours,Tour Operator,Accra City Tours,,Travel & Relocation,Africa,50K+ followers,,,Co-branded tours + affiliate,Ghana-based tours for diaspora visitors — Year of Return partner
Visit,Rwanda,Tourism Campaign,Visit Rwanda,,Travel & Relocation,Africa,500K+ followers,,,Co-branded content + partnership,Global tourism campaign with major sports sponsorships
AirBnB,Africa Experiences,Platform,AirBnB Africa Experiences,,Travel & Relocation,Africa,Millions of users,,,Co-branded African stays content,Short-term rentals in Africa growing 30%+ YoY — diaspora hosts and guests
Sojorn,Africa,Relocation,Sojorn Africa,,Travel & Relocation,Africa,50K+ community,,,Affiliate + co-content,Relocation services for diaspora moving to Africa
Africa,Travel Association,Association,Africa Travel Association,,Travel & Relocation,Africa,50K+ members,,,Membership + event partnership,Premier African travel industry association
WTM,Africa (World Travel Market),Trade Event,WTM Africa (World Travel Market),,Travel & Relocation,Africa,5K+ attendees,,,Event sponsorship + booth,Major tourism trade platform — April Cape Town
AFRAA,(African Airlines Association),Industry Body,AFRAA (African Airlines Association),,Travel & Relocation,Africa,57 member airlines,,,Event partnership,Pan-African aviation body — May 2026 convention in SA
Radisson,Hotel Group Africa,Hotel,Radisson Hotel Group Africa,,Travel & Relocation,Africa,80+ hotels,,,Hotel partnership + event hosting,Conference venues and business travel across Africa
Marriott,Africa,Hotel,Marriott Africa,,Travel & Relocation,Africa,70+ hotels,,,Hotel partnership,Premium positioning with business traveler audience
Kempinski,Africa,Hotel,Kempinski Africa,,Travel & Relocation,Africa,10+ luxury hotels,,,Luxury partnership + event,"Ultra-luxury hotels in Ghana, Kenya, Tanzania — premium brand fit"
Fairmont,Africa,Hotel,Fairmont Africa,,Travel & Relocation,Africa,5+ properties,,,Luxury tourism partnership,Iconic properties like Fairmont Mount Kenya Safari Club
Sun,International,Hotel/Resort,Sun International,,Travel & Relocation,Africa,25+ properties,,,Event venue + brand partnership,SA hospitality and entertainment company
Mantis,Collection,Hotel,Mantis Collection,,Travel & Relocation,Africa,30+ properties,,,Eco-tourism partnership,Boutique eco-hotels across Africa — sustainability alignment
Sarova,Hotels,Hotel,Sarova Hotels,,Travel & Relocation,Africa,10+ hotels,,,East African hospitality partnership,Leading Kenyan hotel group — business and leisure
Protea,Hotels by Marriott,Hotel,Protea Hotels by Marriott,,Travel & Relocation,Africa,100+ hotels,,,Brand partnership,Largest hotel group in Africa by room count
Mövenpick,Hotels Africa,Hotel,Mövenpick Hotels Africa,,Travel & Relocation,Africa,15+ hotels,,,Premium partnership,Swiss luxury brand across African cities
Ibis,Africa,Hotel,Ibis Africa,,Travel & Relocation,Africa,20+ hotels,,,Co-promotion,Accor's affordable brand across Africa — business travelers
Jobberman,,Job Platform,Jobberman,,Travel & Relocation,Africa,500K+ users,,,Content partnership,West Africa's leading job platform — relevant for relocators seeking employment
Remote,Africa,Job Board,Remote Africa,,Travel & Relocation,Africa,50K+ visitors,,,Content partnership + job listings,Remote jobs for professionals working from Africa
Expat,Arrivals,Media,Expat Arrivals,,Travel & Relocation,Africa,500K+ monthly visitors,,,Content partnership + sponsored guides,Expat relocation guides including African countries
InterNations,,Community,InterNations,,Travel & Relocation,Africa,4M+ members globally,,,Community partnership,Expat community with strong African city chapters
Matador,Network,Media,Matador Network,,Travel & Relocation,Africa,10M+ monthly visitors,,,Sponsored content + native articles,Travel media with growing Africa content section
Culture,Trip,Media,Culture Trip,,Travel & Relocation,Africa,40M+ monthly visitors,,,Sponsored content,Global travel media covering African destinations
Lonely,Planet Africa,Media,Lonely Planet Africa,,Travel & Relocation,Africa,20M+ monthly visitors,,,Content partnership,World's leading travel guide brand
Frommer's,Africa,Media,Frommer's Africa,,Travel & Relocation,Africa,5M+ monthly visitors,,,Content partnership,Established travel guide with Africa section
The,Points Guy Africa,Media,The Points Guy Africa,,Travel & Relocation,Africa,10M+ monthly readers,,,Sponsored content,Travel hacking and points — diaspora flight deal content
Scott's,Cheap Flights Africa,Newsletter,Scott's Cheap Flights Africa,,Travel & Relocation,Africa,5M+ subscribers,,,Co-promotion + deal alerts,Flight deal alerts with Africa routes growing
Google,Flights Africa,Platform,Google Flights Africa,,Travel & Relocation,Africa,Billions of users,,,SEO + content alignment,Flight search with growing Africa route coverage
Kiwi.com,,Platform,Kiwi.com,,Travel & Relocation,Africa,100M+ users,,,Affiliate partnership,Flight search with strong Africa routing capabilities
TripAdvisor,Africa,Platform,TripAdvisor Africa,,Travel & Relocation,Africa,450M+ users globally,,,Content partnership,"Reviews and bookings for African hotels, restaurants, tours"
Booking.com,Africa,Platform,Booking.com Africa,,Travel & Relocation,Africa,500M+ users globally,,,Affiliate partnership,Hotel bookings across Africa — growing African inventory
Getaway,Magazine,Media,Getaway Magazine,,Travel & Relocation,Africa,200K+ readers,,,Advertorial + co-content,SA travel magazine covering Southern and East Africa
Safari,Bookings,Platform,Safari Bookings,,Travel & Relocation,Africa,2M+ visitors/yr,,,Affiliate + sponsored content,Africa safari comparison platform — premium traveler audience
Go2Africa,,Tour Operator,Go2Africa,,Travel & Relocation,Africa,500K+ visitors/yr,,,Co-branded luxury travel content,Luxury African safari and travel specialists
Wild,Frontiers,Tour Operator,Wild Frontiers,,Travel & Relocation,Africa,100K+ visitors/yr,,,Co-branded adventure content,Adventure travel across Africa — experiential tourism
Intrepid,Travel Africa,Tour Operator,Intrepid Travel Africa,,Travel & Relocation,Africa,500K+ travelers/yr,,,Partnership + sustainable tourism content,Responsible travel company with strong Africa itineraries
G,Adventures Africa,Tour Operator,G Adventures Africa,,Travel & Relocation,Africa,500K+ travelers/yr,,,Partnership,Small group adventure travel with Africa focus
African,Travel Inc,Tour Operator,African Travel Inc,,Travel & Relocation,Africa,50K+ travelers/yr,,,Affiliate + co-promotion,Luxury African safari and travel specialist — US market
Kuoni,Africa,Tour Operator,Kuoni Africa,,Travel & Relocation,Africa,200K+ travelers/yr,,,Premium partnership,Premium travel operator with Africa luxury packages
Exodus,Travels Africa,Tour Operator,Exodus Travels Africa,,Travel & Relocation,Africa,300K+ travelers/yr,,,Co-branded content,Adventure and activity holidays across Africa
Audley,Travel Africa,Tour Operator,Audley Travel Africa,,Travel & Relocation,Africa,100K+ travelers/yr,,,Premium partnership + referral,Tailor-made luxury African travel
Black,Travel Alliance,Community,Black Travel Alliance,,Travel & Relocation,Africa,50K+ members,,,Community partnership + joint content,Coalition of Black travel content creators and brands
Black,Girls Travel Too,Community,Black Girls Travel Too,,Travel & Relocation,Africa,100K+ followers,,,Co-promotion + joint trips,Community empowering Black women to travel — Africa-heavy content
OneWorld365,,Platform,OneWorld365,,Travel & Relocation,Africa,200K+ monthly visitors,,,Content partnership,"Work, volunteer, and travel abroad platform with Africa section"
Workaway,Africa,Platform,Workaway Africa,,Travel & Relocation,Africa,100K+ hosts globally,,,Content partnership,Work exchange platform with African host families and projects
WWOOF,Africa,Platform,WWOOF Africa,,Travel & Relocation,Africa,50K+ hosts globally,,,Content partnership,Organic farming volunteer network across Africa
Visa,Guide Africa,Media,Visa Guide Africa,,Travel & Relocation,Africa,100K+ monthly visitors,,,Content partnership + co-branded guides,African visa information for travelers and relocators
iVisa,Africa,Platform,iVisa Africa,,Travel & Relocation,Africa,10M+ applications/yr,,,Affiliate partnership,Online visa processing including African countries
SafariNow,,Platform,SafariNow,,Travel & Relocation,Africa,2M+ visitors/yr,,,Affiliate partnership,SA accommodation booking platform
Travelstart,Africa,Platform,Travelstart Africa,,Travel & Relocation,Africa,5M+ visitors/yr,,,Affiliate + co-promotion,Africa's largest online travel agency — flights and hotels
Jumia,Travel (now Travelstart),Platform,Jumia Travel (now Travelstart),,Travel & Relocation,Africa,3M+ visitors/yr,,,Affiliate partnership,African online travel booking platform
Priceline,Africa,Platform,Priceline Africa,,Travel & Relocation,Africa,50M+ users globally,,,Affiliate,Global hotel booking with growing African inventory
Ozwald,Boateng,Fashion Designer,Ozwald Boateng,,African Fashion & Lifestyle,Africa,500K+ followers,,,Brand ambassador + co-branded event,"Ghanaian-British fashion icon — Savile Row tailor, luxury African design"
Lisa,Folawiyo (Jewel by Lisa),Fashion Designer,Lisa Folawiyo (Jewel by Lisa),,African Fashion & Lifestyle,Africa,200K+ followers,,,Co-branded content + event,Nigerian luxury fashion house — elevated Ankara to global luxury
Maxhosa,by Laduma,Fashion Brand,Maxhosa by Laduma,,African Fashion & Lifestyle,Africa,300K+ followers,,,Co-promotion + lifestyle content,SA luxury knitwear brand — Xhosa heritage meets contemporary design
Orange,Culture,Fashion Brand,Orange Culture,,African Fashion & Lifestyle,Africa,100K+ followers,,,Co-branded content,Nigerian gender-fluid fashion — Lagos Fashion Week darling
Maki,Oh,Fashion Designer,Maki Oh,,African Fashion & Lifestyle,Africa,200K+ followers,,,Premium brand alignment + co-content,"Nigerian designer worn by Michelle Obama, Beyoncé, Lupita"
Rich,Mnisi,Fashion Brand,Rich Mnisi,,African Fashion & Lifestyle,Africa,300K+ followers,,,Co-branded lifestyle content,SA luxury fashion — bold African futurism aesthetic
Thebe,Magugu,Fashion Designer,Thebe Magugu,,African Fashion & Lifestyle,Africa,200K+ followers,,,Premium partnership,First African to win LVMH Prize — SA luxury fashion
Kenneth,Ize,Fashion Designer,Kenneth Ize,,African Fashion & Lifestyle,Africa,100K+ followers,,,Co-branded content,"Nigerian designer — LVMH Prize finalist, aso-oke weaving"
Imad,Eduso,Fashion Brand,Imad Eduso,,African Fashion & Lifestyle,Africa,100K+ followers,,,Co-promotion + lifestyle,Nigerian luxury womenswear — caters to professional women
Torlowei,,Fashion Brand,Torlowei,,African Fashion & Lifestyle,Africa,50K+ followers,,,Co-branded narrative content,Nigerian fashion brand with storytelling focus
Christie,Brown,Fashion Brand,Christie Brown,,African Fashion & Lifestyle,Africa,100K+ followers,,,Co-promotion + event,Ghanaian luxury fashion house — Pan-African elegance
Sindiso,Khumalo,Fashion Brand,Sindiso Khumalo,,African Fashion & Lifestyle,Africa,100K+ followers,,,Sustainability-aligned partnership,SA sustainable fashion designer — eco-luxury alignment
Tongoro,,Fashion Brand,Tongoro,,African Fashion & Lifestyle,Africa,200K+ followers,,,Co-promotion + co-branded content,Senegalese affordable luxury — Beyoncé wore their pieces
Katungulu,Mwendwa,Fashion Brand,Katungulu Mwendwa,,African Fashion & Lifestyle,Africa,50K+ followers,,,Co-branded content,Kenyan minimalist fashion — Pan-African design ethos
Clan,(SA),Fashion Brand,Clan (SA),,African Fashion & Lifestyle,Africa,50K+ followers,,,Sustainability partnership,SA ethical fashion collective — Pan-African design
KISUA,,Fashion Brand,KISUA,,African Fashion & Lifestyle,Africa,100K+ followers,,,Marketplace partnership + affiliate,Pan-African fashion marketplace — curating African designers globally
Afrikrea,,Marketplace,Afrikrea,,African Fashion & Lifestyle,Africa,500K+ monthly visitors,,,Affiliate + co-promotion,"Global marketplace for African fashion, art, and crafts"
Zuvaa,(formerly),Marketplace,Zuvaa (formerly),,African Fashion & Lifestyle,Africa,100K+ followers,,,Affiliate partnership,African fashion marketplace — diaspora-focused
D'IYANU,,Fashion Brand,D'IYANU,,African Fashion & Lifestyle,Africa,200K+ followers,,,Co-promotion + affiliate,US-based African print clothing brand — diaspora audience
Grass-Fields,,Fashion Brand,Grass-Fields,,African Fashion & Lifestyle,Africa,300K+ followers,,,Co-promotion + affiliate,Cameroon-inspired fashion brand based in UK — massive diaspora following
Asikere,Afana,Fashion Brand,Asikere Afana,,African Fashion & Lifestyle,Africa,100K+ followers,,,Affiliate + co-content,US-based African fashion — handmade in Ghana
Ace,Rivington Africa,Fashion Brand,Ace Rivington Africa,,African Fashion & Lifestyle,Africa,50K+ followers,,,Co-branded content,Premium menswear with African heritage elements
Studio,189,Fashion Brand,Studio 189,,African Fashion & Lifestyle,Africa,100K+ followers,,,Celebrity-adjacent partnership,Founded by Rosario Dawson — artisan fashion from Africa
Yswara,,Luxury Brand,Yswara,,African Fashion & Lifestyle,Africa,50K+ followers,,,Luxury lifestyle partnership,SA luxury African tea brand — premium lifestyle positioning
Nkwo,,Fashion Brand,Nkwo,,African Fashion & Lifestyle,Africa,50K+ followers,,,Sustainability partnership,Nigerian sustainable fashion — upcycled textiles
Eki,Orleans,Fashion Brand,Eki Orleans,,African Fashion & Lifestyle,Africa,50K+ followers,,,Co-promotion,UK-based Nigerian fashion — print and contemporary fusion
Banke,Kuku,Fashion Brand,Banke Kuku,,African Fashion & Lifestyle,Africa,100K+ followers,,,Lifestyle co-content,Nigerian print designer — interiors and fashion
Andrea,Iyamah,Fashion Brand,Andrea Iyamah,,African Fashion & Lifestyle,Africa,200K+ followers,,,Lifestyle co-promotion,Nigerian resort wear — swimwear and bridal
Africa,Fashion Week (various cities),Event,Africa Fashion Week (various cities),,African Fashion & Lifestyle,Africa,50K+ attendees/yr,,,Event partnership + sponsorship,"Pan-African fashion events in London, NYC, Lagos, Accra"
GTBank,Fashion Weekend,Event,GTBank Fashion Weekend,,African Fashion & Lifestyle,Africa,100K+ attendees,,,Event sponsorship,Nigeria's premier fashion event — massive brand visibility
Lagos,Fashion Week,Event,Lagos Fashion Week,,African Fashion & Lifestyle,Africa,50K+ attendees,,,Event partnership,West Africa's leading fashion event — designer showcases
SA,Fashion Week,Event,SA Fashion Week,,African Fashion & Lifestyle,Africa,30K+ attendees,,,Event partnership,South Africa's premier fashion platform
Arise,Fashion Week,Event,Arise Fashion Week,,African Fashion & Lifestyle,Africa,30K+ attendees,,,Event partnership,Lagos-based luxury fashion week — global designers in Africa
Bellanaija,,Media,Bellanaija,,African Fashion & Lifestyle,Africa,5M+ monthly visitors,,,Sponsored content + native ads,"Nigeria's leading lifestyle media — weddings, fashion, entertainment"
OkayAfrica,,Media,OkayAfrica,,African Fashion & Lifestyle,Africa,2M+ monthly visitors,,,Content partnership + podcast,"Culture, music, fashion media platform celebrating Africa globally"
Nataal,,Media,Nataal,,African Fashion & Lifestyle,Africa,500K+ monthly visitors,,,Brand alignment + co-content,Contemporary African arts and culture platform — premium aesthetic
Essence,Magazine Africa,Media,Essence Magazine Africa,,African Fashion & Lifestyle,Africa,10M+ monthly readers,,,Sponsored content + event,Leading Black women's media brand with growing Africa focus
True,Africa,Media,True Africa,,African Fashion & Lifestyle,Africa,200K+ monthly visitors,,,Content partnership,Creative storytelling about modern African life
Another,Africa,Media,Another Africa,,African Fashion & Lifestyle,Africa,100K+ monthly visitors,,,Content partnership,African contemporary art and culture journal
CNN,Africa,Media,CNN Africa,,African Fashion & Lifestyle,Africa,50M+ global audience,,,Media partnership,CNN's Africa bureau and programming
Africa,Is a Country,Media,Africa Is a Country,,African Fashion & Lifestyle,Africa,500K+ monthly visitors,,,Content partnership,"Critical analysis of politics, culture, and art across Africa"
The,Africa Report,Media,The Africa Report,,African Fashion & Lifestyle,Africa,2M+ monthly visitors,,,Content partnership + native ads,Business and political news across Africa
African,Arguments,Media,African Arguments,,African Fashion & Lifestyle,Africa,500K+ monthly visitors,,,Content partnership,In-depth analysis of African affairs
Afro.com,,Media,Afro.com,,African Fashion & Lifestyle,Africa,200K+ monthly visitors,,,Content partnership,African diaspora news and culture platform
Black,Enterprise Africa,Media,Black Enterprise Africa,,African Fashion & Lifestyle,Africa,5M+ monthly readers,,,Sponsored content,Leading Black business media with growing Africa coverage
Alara,Lagos,Luxury Retail,Alara Lagos,,African Fashion & Lifestyle,Africa,100K+ followers,,,Retail partnership + event,Nigeria's premier luxury concept store — curates African and global brands
Merchants,on Long (Cape Town),Luxury Retail,Merchants on Long (Cape Town),,African Fashion & Lifestyle,Africa,50K+ followers,,,Luxury partnership,SA luxury hotel and retail concept — curated African luxury
Temple,Muse Lagos,Luxury Retail,Temple Muse Lagos,,African Fashion & Lifestyle,Africa,50K+ followers,,,Retail partnership,"Nigerian luxury concept store — fashion, art, lifestyle"
Nana,Otafrija (Accra),Luxury Lifestyle,Nana Otafrija (Accra),,African Fashion & Lifestyle,Africa,100K+ followers,,,Influencer partnership,Ghanaian luxury lifestyle influencer — premium audience
Jackie,Aina,YouTube/Social,Jackie Aina,,African Fashion & Lifestyle,Africa,3.5M+ subscribers,,,Sponsored content + podcast,Nigerian-American beauty creator — massive diaspora audience
Dimma,Umeh,YouTube,Dimma Umeh,,African Fashion & Lifestyle,Africa,600K+ subscribers,,,Co-content + sponsored,Nigerian beauty and lifestyle YouTuber
Sika,Osei,TV/Social,Sika Osei,,African Fashion & Lifestyle,Africa,500K+ followers,,,Co-branded content,Ghanaian TV host and lifestyle influencer
Bonang,Matheba,TV/Social,Bonang Matheba,,African Fashion & Lifestyle,Africa,5M+ followers,,,Premium brand partnership,SA media personality and businesswoman — massive African influence
Maps,Maponyane,TV/Social,Maps Maponyane,,African Fashion & Lifestyle,Africa,1M+ followers,,,Co-content + brand partnership,"SA actor, model, entrepreneur — lifestyle brand owner"
Adekunle,Gold,Music/Social,Adekunle Gold,,African Fashion & Lifestyle,Africa,5M+ followers,,,Music x lifestyle crossover,Nigerian musician and fashion icon — high-value brand partnerships
Tiwa,Savage,Music/Social,Tiwa Savage,,African Fashion & Lifestyle,Africa,15M+ followers,,,Premium brand alignment,Nigerian music superstar — global African brand ambassador
Tems,,Music/Social,Tems,,African Fashion & Lifestyle,Africa,10M+ followers,,,Premium brand alignment,Nigerian Grammy winner — global African representation
Burna,Boy,Music/Social,Burna Boy,,African Fashion & Lifestyle,Africa,10M+ followers,,,Brand alignment + event,Nigerian Afrobeats superstar — Pan-African pride
Afrobeats,Intelligence,Newsletter,Afrobeats Intelligence,,African Fashion & Lifestyle,Africa,50K+ subscribers,,,Sponsored newsletter + co-content,Business analytics of Afrobeats industry
Spotify,Africa,Platform,Spotify Africa,,African Fashion & Lifestyle,Africa,Millions of users,,,Playlist partnership,Music streaming with strong African curation
Apple,Music Africa,Platform,Apple Music Africa,,African Fashion & Lifestyle,Africa,Millions of users,,,Co-branded playlist,Music streaming with African editorial team
Boomplay,,Platform,Boomplay,,African Fashion & Lifestyle,Africa,80M+ users,,,Strategic partnership,Africa's largest music streaming platform
Mdundo,,Platform,Mdundo,,African Fashion & Lifestyle,Africa,30M+ users,,,Co-promotion,African music streaming platform — East Africa focus
AfroPop,Worldwide,Media/Radio,AfroPop Worldwide,,African Fashion & Lifestyle,Africa,100K+ listeners,,,Media partnership,World music radio program featuring African music globally
African,Vibes Magazine,Media,African Vibes Magazine,,African Fashion & Lifestyle,Africa,200K+ readers,,,Content partnership,Lifestyle magazine connecting Africa and the diaspora
Genevieve,Magazine,Media,Genevieve Magazine,,African Fashion & Lifestyle,Africa,500K+ readers,,,Advertorial + partnership,Nigeria's premium women's lifestyle magazine
True,Love Africa,Media,True Love Africa,,African Fashion & Lifestyle,Africa,300K+ readers,,,Content partnership,Pan-African women's magazine — SA based
Glam,Africa,Media,Glam Africa,,African Fashion & Lifestyle,Africa,200K+ readers,,,Content partnership,Pan-African fashion and beauty magazine
She,Leads Africa,Community,She Leads Africa,,African Fashion & Lifestyle,Africa,500K+ followers,,,Co-promotion + event,Community for ambitious African women — strong diaspora presence
Bossbabe,Africa,Community,Bossbabe Africa,,African Fashion & Lifestyle,Africa,100K+ followers,,,Co-content + joint events,Female entrepreneurship community with African chapters
Seso,Global,Platform,Seso Global,,Real Estate & Property,Africa,50K+ users,,,Strategic partnership + co-branded content,"Africa's trusted property marketplace — blockchain-verified titles, diaspora mortgages"
African,Land,Platform,African Land,,Real Estate & Property,Africa,100K+ visitors/yr,,,Affiliate + co-content,"Land investment platform across Ghana, Nigeria, Kenya, SA — diaspora-focused"
Rendeavour,,Developer,Rendeavour,,Real Estate & Property,Africa,5 countries,,,Strategic investment content + tours,"Africa's largest urban land developer — Tatu City Kenya, Appolonia Ghana"
Pam,Golding Properties,Brokerage,Pam Golding Properties,,Real Estate & Property,Africa,200K+ listings,,,Luxury property content partnership,Premium SA real estate brand — luxury positioning matches Ashley
Broll,Property Group,Brokerage,Broll Property Group,,Real Estate & Property,Africa,10+ countries,,,Commercial investment content,Leading commercial property services across Africa
Hass,Consult,Brokerage,Hass Consult,,Real Estate & Property,Africa,100K+ visitors/yr,,,Co-branded Kenya real estate content,Kenya's leading independent real estate consultancy
Estate,Intel,Data/Research,Estate Intel,,Real Estate & Property,Africa,50K+ visitors/mo,,,Data partnership + co-content,Africa real estate market research and data — Nigeria and Africa focus
PropertyPro,,Platform,PropertyPro,,Real Estate & Property,Africa,1M+ visitors/mo,,,Affiliate + co-content,Nigeria's largest property listing platform
Meqasa,,Platform,Meqasa,,Real Estate & Property,Africa,500K+ visitors/mo,,,Affiliate + co-content,Ghana's largest property listing platform
BuyLetLive,,Platform,BuyLetLive,,Real Estate & Property,Africa,200K+ visitors/mo,,,Affiliate partnership,Nigerian prop-tech platform — verified listings
Private,Property SA,Platform,Private Property SA,,Real Estate & Property,Africa,3M+ visitors/mo,,,Affiliate + co-content,South Africa's leading property portal
Property24,,Platform,Property24,,Real Estate & Property,Africa,5M+ visitors/mo,,,Affiliate + sponsored content,SA's most visited property website
Shelter,Afrique,Finance,Shelter Afrique,,Real Estate & Property,Africa,Pan-African,,,Content partnership + thought leadership,Pan-African housing finance institution — institutional partnership
Grit,Real Estate,REIT,Grit Real Estate,,Real Estate & Property,Africa,Pan-African,,,Investment content + co-webinar,Pan-African real estate income group — LSE listed
Landmark,Africa,Developer,Landmark Africa,,Real Estate & Property,Africa,Nigeria,,,Co-branded development tours,Major Nigerian real estate developer — diaspora-focused projects
Mixta,Africa,Developer,Mixta Africa,,Real Estate & Property,Africa,Nigeria/Morocco,,,Project showcase + co-content,Pan-African real estate developer — affordable to premium
Redefine,Properties,REIT,Redefine Properties,,Real Estate & Property,Africa,SA/Africa,,,Investment content partnership,SA's largest REIT — commercial and retail properties
Growthpoint,Properties,REIT,Growthpoint Properties,,Real Estate & Property,Africa,SA/Africa,,,Investment content + co-webinar,Africa's largest listed property company
Resilient,REIT,REIT,Resilient REIT,,Real Estate & Property,Africa,SA/Africa,,,Investment content,SA retail-focused REIT with African expansion
Vaal,Real Estate,Developer,Vaal Real Estate,,Real Estate & Property,Africa,Kenya,,,Affiliate + co-branded content,Kenyan developer targeting diaspora buyers
LandWey,Investment,Developer,LandWey Investment,,Real Estate & Property,Africa,Nigeria,,,Affiliate + joint webinar,Nigerian real estate developer with diaspora payment plans
Revolution,Plus Property,Developer,Revolution Plus Property,,Real Estate & Property,Africa,Nigeria,,,Co-promotion + affiliate,Nigerian real estate company — aggressive digital marketing
Adron,Homes,Developer,Adron Homes,,Real Estate & Property,Africa,Nigeria,,,Co-promotion,Nigerian affordable housing developer — massive land bank
Mi,Casa Homes,Developer,Mi Casa Homes,,Real Estate & Property,Africa,Ghana,,,Affiliate + co-content,Ghanaian developer targeting diaspora buyers — affordable luxury
Devtraco,Plus,Developer,Devtraco Plus,,Real Estate & Property,Africa,Ghana,,,Co-branded showroom events,"Ghanaian luxury property developer — Airport area, Tema"
Clifton,Homes,Developer,Clifton Homes,,Real Estate & Property,Africa,Ghana,,,Co-promotion + investor tours,Ghanaian developer — luxury apartments in Accra
Goldkey,Properties,Developer,Goldkey Properties,,Real Estate & Property,Africa,Ghana,,,Affiliate partnership,Ghanaian premium developer — serviced plots and homes
Cantonments,Properties,Developer,Cantonments Properties,,Real Estate & Property,Africa,Ghana,,,Partnership + investor content,Accra-based luxury developer — premium positioning
Cytonn,Real Estate,Developer/Fund,Cytonn Real Estate,,Real Estate & Property,Africa,Kenya,,,Joint webinar + co-investment content,Kenyan real estate fund — delivers 25%+ returns to investors
Optiven,,Developer,Optiven,,Real Estate & Property,Africa,Kenya,,,Affiliate + joint events,Kenya's most awarded real estate company — diaspora department
Centum,Real Estate,Developer,Centum Real Estate,,Real Estate & Property,Africa,Kenya,,,Investment content + co-webinar,Kenyan developer — luxury mixed-use developments
Superior,Homes Kenya,Developer,Superior Homes Kenya,,Real Estate & Property,Africa,Kenya,,,Co-promotion,Kenyan housing developer — smart homes focus
Tilisi,Development,Developer,Tilisi Development,,Real Estate & Property,Africa,Kenya,,,Investment tour content,Satellite city near Nairobi — planned community
Tatu,City,Development,Tatu City,,Real Estate & Property,Africa,Kenya,,,Investment content + tours,"2,500 acre mixed-use city by Rendeavour — East Africa's most ambitious project"
Appolonia,City,Development,Appolonia City,,Real Estate & Property,Africa,Ghana,,,Investment content + tours,"2,325 acre city near Accra by Rendeavour — ready plots for diaspora"
Roma,Park,Development,Roma Park,,Real Estate & Property,Africa,Zambia,,,Investment content,Lusaka development by Rendeavour — emerging market opportunity
King,City,Development,King City,,Real Estate & Property,Africa,Ghana,,,Investment content,Takoradi development by Rendeavour — Western Region growth
Eko,Atlantic City,Development,Eko Atlantic City,,Real Estate & Property,Africa,Nigeria,,,Premium investment content + tours,New city on reclaimed land in Lagos — Africa's largest real estate project
Centenary,City Abuja,Development,Centenary City Abuja,,Real Estate & Property,Africa,Nigeria,,,Investment content,Smart city development in Abuja — diaspora investment units
Waterfall,City,Development,Waterfall City,,Real Estate & Property,Africa,South Africa,,,Investment content,Largest development in SA — business and residential
Konza,Technopolis,Development,Konza Technopolis,,Real Estate & Property,Africa,Kenya,,,Investment content + tech crossover,Kenya's Silicon Savannah — tech city development
Dangote,Properties,Developer,Dangote Properties,,Real Estate & Property,Africa,Nigeria,,,Premium brand partnership,Real estate arm of Africa's richest man's conglomerate
Julius,Berger,Construction,Julius Berger,,Real Estate & Property,Africa,Nigeria,,,Brand partnership,Major construction company — infrastructure development
Murray,& Roberts,Construction,Murray & Roberts,,Real Estate & Property,Africa,South Africa,,,Brand partnership,Leading SA construction firm — pan-African projects
WBHO,Construction,Construction,WBHO Construction,,Real Estate & Property,Africa,South Africa,,,Brand partnership,Major SA construction — JSE listed
Group,Five,Construction,Group Five,,Real Estate & Property,Africa,South Africa,,,Brand partnership,SA construction and infrastructure
BuyAfricaProperties.com,,Platform,BuyAfricaProperties.com,,Real Estate & Property,Africa,50K+ visitors,,,Affiliate partnership,Online marketplace for African properties — diaspora buyers
Diaspora,Real Estate Network,Community,Diaspora Real Estate Network,,Real Estate & Property,Africa,10K+ members,,,Community partnership,Network connecting diaspora with African property opportunities
African,Property Awards,Awards/Event,African Property Awards,,Real Estate & Property,Africa,Industry,,,Award sponsorship + visibility,Annual awards recognizing African real estate excellence
RICS,Africa,Professional Body,RICS Africa,,Real Estate & Property,Africa,Industry,,,Thought leadership partnership,Royal Institution of Chartered Surveyors — African chapter
Knight,Frank Africa,Brokerage,Knight Frank Africa,,Real Estate & Property,Africa,Pan-African,,,Research partnership + co-content,Global real estate consultancy with major African presence
JLL,Africa,Brokerage,JLL Africa,,Real Estate & Property,Africa,Pan-African,,,Research partnership,Global commercial real estate with African offices
CBRE,Africa,Brokerage,CBRE Africa,,Real Estate & Property,Africa,Pan-African,,,Research partnership,Global commercial real estate advisory in Africa
Savills,Africa,Brokerage,Savills Africa,,Real Estate & Property,Africa,Pan-African,,,Research partnership,Global property adviser with growing African practice
Actis,Real Estate Africa,PE/Investment,Actis Real Estate Africa,,Real Estate & Property,Africa,Pan-African,,,Investment content + co-webinar,Private equity firm investing in African real estate
Gatehouse,Capital,PE/Investment,Gatehouse Capital,,Real Estate & Property,Africa,Pan-African,,,Investment content,Africa-focused real estate private equity
RMB,Westport,PE/Investment,RMB Westport,,Real Estate & Property,Africa,Pan-African,,,Investment content,Real estate PE firm — retail malls across Africa
Africa,Finance Corp,DFI,Africa Finance Corp,,Real Estate & Property,Africa,Pan-African,,,Thought leadership + partnership,Infrastructure finance institution — real estate and infrastructure
Shelter,Afrique Capital,DFI,Shelter Afrique Capital,,Real Estate & Property,Africa,Pan-African,,,Institutional partnership,Housing finance for African countries
IFC,Real Estate Africa,DFI,IFC Real Estate Africa,,Real Estate & Property,Africa,Pan-African,,,Thought leadership,World Bank's private sector arm — African real estate investments
Afreximbank,,Bank,Afreximbank,,Real Estate & Property,Africa,Pan-African,,,Strategic partnership,African export-import bank — infrastructure finance
AfDB,(African Dev Bank),DFI,AfDB (African Dev Bank),,Real Estate & Property,Africa,Pan-African,,,Thought leadership + institutional visibility,Africa's premier development finance institution
Diaspora,House Community,Community,Diaspora House Community,,Real Estate & Property,Africa,10K+ members,,,Community partnership + co-investment,WhatsApp-based real estate investment community for diaspora
Afrika.vc,Real Estate,Platform,Afrika.vc Real Estate,,Real Estate & Property,Africa,50K+ visitors,,,Content partnership + affiliate,Africa real estate investment insights and deals
Ghana,Real Estate Developers Assoc,Association,Ghana Real Estate Developers Assoc,,Real Estate & Property,Africa,Industry,,,Institutional partnership,Industry body for Ghanaian real estate developers
Real,Estate Institute of SA,Professional Body,Real Estate Institute of SA,,Real Estate & Property,Africa,Industry,,,Thought leadership,SA real estate professional body
Kenya,Property Developers Assoc,Association,Kenya Property Developers Assoc,,Real Estate & Property,Africa,Industry,,,Institutional partnership,Kenyan real estate industry body
Nigerian,Institution of Estate Surveyors,Professional Body,Nigerian Institution of Estate Surveyors,,Real Estate & Property,Africa,Industry,,,Institutional partnership,Nigeria's estate surveying professional body
Africa,PropTech Forum,Community/Event,Africa PropTech Forum,,Real Estate & Property,Africa,5K+ members,,,Tech partnership + event,Community connecting African proptech innovators
Roofstock,Africa (expansion),Platform,Roofstock Africa (expansion),,Real Estate & Property,Africa,500K+ US users,,,Strategic partnership discussion,US rental property platform exploring African markets
EarnYourLeisure,,YouTube/Podcast,EarnYourLeisure,,Business & Investment Education,Africa,1.2M+ subscribers,,,Podcast appearance + joint webinar,Investment and entrepreneurship podcast — massive Black audience
Wallstreet,Trapper,YouTube/Social,Wallstreet Trapper,,Business & Investment Education,Africa,1M+ followers,,,Podcast exchange + co-content,Stock market education for the culture — wealth building alignment
Ian,Dunlap (The Market Monday),Podcast/Social,Ian Dunlap (The Market Monday),,Business & Investment Education,Africa,500K+ followers,,,Podcast appearance,Investment education with EYL — stock market expertise
Rashad,Bilal,Podcast/Social,Rashad Bilal,,Business & Investment Education,Africa,500K+ followers,,,Podcast appearance,EYL co-host — entrepreneurship and wealth building
M.O.,(Market Open),YouTube,M.O. (Market Open),,Business & Investment Education,Africa,200K+ subscribers,,,Joint webinar + co-content,African stock market education — Nigerian and SA markets
Humphrey,Yang,YouTube,Humphrey Yang,,Business & Investment Education,Africa,3M+ subscribers,,,Sponsored content + co-video,Personal finance education — growing Africa-related content
Nate,O'Brien,YouTube,Nate O'Brien,,Business & Investment Education,Africa,1.3M+ subscribers,,,Sponsored content,Minimalist money and investing — wealth building audience
Graham,Stephan,YouTube,Graham Stephan,,Business & Investment Education,Africa,4.5M+ subscribers,,,Sponsored content,Real estate and personal finance — massive audience
Minority,Mindset (Jaspreet Singh),YouTube,Minority Mindset (Jaspreet Singh),,Business & Investment Education,Africa,1.5M+ subscribers,,,Podcast + sponsored content,Money education for minorities — perfect demographic overlap
The,Iced Coffee Hour,YouTube/Podcast,The Iced Coffee Hour,,Business & Investment Education,Africa,1M+ subscribers,,,Podcast appearance,Business and finance interviews — growing audience
My,First Million,Podcast,My First Million,,Business & Investment Education,Africa,500K+ listeners/ep,,,Podcast appearance,Business ideas and entrepreneurship — Sam Parr and Shaan Puri
Starter,Story,Newsletter/Podcast,Starter Story,,Business & Investment Education,Africa,500K+ subscribers,,,Feature + co-content,How entrepreneurs start businesses — case study format
The,Builders by Joe Kinvi,Newsletter,The Builders by Joe Kinvi,,Business & Investment Education,Africa,50K+ subscribers,,,Newsletter sponsorship + co-content,Africa-focused business and tech newsletter — diaspora audience
Stears,(formerly Stears Business),Newsletter/Platform,Stears (formerly Stears Business),,Business & Investment Education,Africa,200K+ readers,,,Content partnership + native ads,Nigerian business intelligence and data journalism
TechCabal,,Media,TechCabal,,Business & Investment Education,Africa,1M+ monthly visitors,,,Sponsored content + native ads,African tech news and analysis — industry insider audience
Disrupt,Africa,Media,Disrupt Africa,,Business & Investment Education,Africa,500K+ monthly visitors,,,Content partnership,African startup and innovation news
Techpoint,Africa,Media,Techpoint Africa,,Business & Investment Education,Africa,2M+ monthly visitors,,,Sponsored content,Nigerian tech and startup news
Ventures,Africa,Media,Ventures Africa,,Business & Investment Education,Africa,500K+ monthly visitors,,,Content partnership,African business and lifestyle media
How,We Made It In Africa,Media,How We Made It In Africa,,Business & Investment Education,Africa,500K+ monthly visitors,,,Content partnership,African business success stories and insights
African,Business Magazine,Media,African Business Magazine,,Business & Investment Education,Africa,200K+ readers,,,Advertorial + content,Pan-African business magazine — institutional readership
Forbes,Africa,Media,Forbes Africa,,Business & Investment Education,Africa,1M+ monthly visitors,,,Feature + thought leadership,Forbes' African edition — business leadership audience
Business,Day (Nigeria),Media,Business Day (Nigeria),,Business & Investment Education,Africa,2M+ monthly visitors,,,Content partnership,Nigeria's leading business newspaper
Financial,Mail (SA),Media,Financial Mail (SA),,Business & Investment Education,Africa,500K+ readers,,,Content partnership,SA's leading financial weekly
Business,Maverick (Daily Maverick),Media,Business Maverick (Daily Maverick),,Business & Investment Education,Africa,2M+ monthly visitors,,,Content partnership,SA's investigative business journalism
Quartz,Africa,Media,Quartz Africa,,Business & Investment Education,Africa,5M+ monthly visitors globally,,,Content partnership,Global business media with strong Africa bureau
Rest,of World,Media,Rest of World,,Business & Investment Education,Africa,5M+ monthly visitors,,,Content partnership,Tech journalism covering Global South including Africa
Semafor,Africa,Media,Semafor Africa,,Business & Investment Education,Africa,2M+ monthly visitors,,,Content partnership,Modern global news with Africa vertical
The,Big Deal Africa,Newsletter,The Big Deal Africa,,Business & Investment Education,Africa,50K+ subscribers,,,Data partnership + co-content,Tracks every funded African startup — data-driven insights
Africa:,The Big Deal,Newsletter,Africa: The Big Deal,,Business & Investment Education,Africa,50K+ subscribers,,,Newsletter sponsorship,African startup funding tracker — free weekly updates
Parrot,Analytics Africa,Data,Parrot Analytics Africa,,Business & Investment Education,Africa,Industry,,,Data partnership,Global content demand analytics with African data
WeeTracker,,Media,WeeTracker,,Business & Investment Education,Africa,200K+ monthly visitors,,,Content partnership,African tech startup ecosystem tracking
iAfrikan,,Media,iAfrikan,,Business & Investment Education,Africa,200K+ monthly visitors,,,Content partnership,African tech and innovation news
Moguldom,Nation,Media,Moguldom Nation,,Business & Investment Education,Africa,1M+ monthly visitors,,,Sponsored content + co-content,Black business and wealth media network
Afro,Tech,Media,Afro Tech,,Business & Investment Education,Africa,2M+ monthly visitors,,,Sponsored content + event,Blavity's Black tech community — conferences and content
Black,Tech Green Money,Podcast,Black Tech Green Money,,Business & Investment Education,Africa,200K+ listeners,,,Podcast appearance,Wealth building through tech for the Black community
Tribe,of Mentors Africa,Community,Tribe of Mentors Africa,,Business & Investment Education,Africa,50K+ members,,,Community partnership,African mentorship and business community
African,Leadership Academy,Education,African Leadership Academy,,Business & Investment Education,Africa,50K+ alumni,,,Educational partnership,Premier Pan-African leadership institution
African,Leadership University,Education,African Leadership University,,Business & Investment Education,Africa,10K+ students,,,Academic partnership + guest lectures,Pan-African university with campuses in Rwanda and Mauritius
MEST,Africa,Incubator,MEST Africa,,Business & Investment Education,Africa,500+ portfolio companies,,,Partnership + mentorship,Pan-African tech incubator and training program
Endeavor,Africa,Network,Endeavor Africa,,Business & Investment Education,Africa,2K+ entrepreneurs,,,Network partnership,Global entrepreneurship network with African chapters
Tony,Elumelu Foundation,Foundation,Tony Elumelu Foundation,,Business & Investment Education,Africa,1M+ applicants,,,Strategic partnership + content,Africa's largest entrepreneurship program — $100M commitment
Dangote,Foundation,Foundation,Dangote Foundation,,Business & Investment Education,Africa,Pan-African reach,,,Strategic alignment + event,Philanthropic arm of Africa's richest man
Mandela,Rhodes Foundation,Foundation,Mandela Rhodes Foundation,,Business & Investment Education,Africa,1K+ scholars,,,Educational partnership,Leadership development across Africa
Mastercard,Foundation Africa,Foundation,Mastercard Foundation Africa,,Business & Investment Education,Africa,Pan-African,,,Institutional partnership,Major funder of African education and youth employment
Africa50,,Investment,Africa50,,Business & Investment Education,Africa,23 African countries,,,Investment content + thought leadership,Infrastructure investment platform for Africa — AfDB backed
Helios,Investment Partners,PE,Helios Investment Partners,,Business & Investment Education,Africa,Africa-focused,,,Investment content + co-webinar,One of the largest Africa-focused PE firms
Development,Partners Int'l,PE,Development Partners Int'l,,Business & Investment Education,Africa,Africa-focused,,,Investment content,Africa-focused PE firm — mid-cap investments
Verod,Capital,PE,Verod Capital,,Business & Investment Education,Africa,Nigeria-focused,,,Investment content + co-content,Nigerian private equity firm — strong SME portfolio
TLcom,Capital,VC,TLcom Capital,,Business & Investment Education,Africa,Africa-focused,,,Investment content + startup ecosystem,"Leading Africa-focused VC — backed Andela, Twiga, etc."
Partech,Africa,VC,Partech Africa,,Business & Investment Education,Africa,Africa-focused,,,Investment content + startup content,Global VC with $300M Africa fund
Novastar,Ventures,VC,Novastar Ventures,,Business & Investment Education,Africa,East Africa,,,Investment content,East Africa-focused impact VC
Future,Africa,VC,Future Africa,,Business & Investment Education,Africa,Pan-African,,,Investment content + podcast,Iyin Aboyeji's Africa-focused VC fund
54,Collective (formerly Naspers Foundry),VC,54 Collective (formerly Naspers Foundry),,Business & Investment Education,Africa,Pan-African,,,Investment content,Africa tech investment firm
LoftyInc,Allied Partners,VC,LoftyInc Allied Partners,,Business & Investment Education,Africa,Pan-African,,,Investment content,Nigeria-based VC with Pan-African portfolio
Oui,Capital,VC,Oui Capital,,Business & Investment Education,Africa,Pan-African,,,Research partnership + co-content,African VC publishing cross-border payments research
Africa,Angels Network,Angel Network,Africa Angels Network,,Business & Investment Education,Africa,Pan-African,,,Angel investing content + community,Pan-African angel investment network
Microtraction,,VC,Microtraction,,Business & Investment Education,Africa,Nigeria-focused,,,Startup content + co-webinar,Pre-seed African startup fund
Ingressive,Capital,VC,Ingressive Capital,,Business & Investment Education,Africa,Africa-focused,,,Investment content + ecosystem,Invests in African tech startups — $50M fund
Launch,Africa Ventures,VC,Launch Africa Ventures,,Business & Investment Education,Africa,Pan-African,,,Investment content,One of Africa's most active early-stage investors
CRE,Venture Capital,VC,CRE Venture Capital,,Business & Investment Education,Africa,Africa-focused,,,Investment content,Africa-focused venture capital — tech and fintech
Ventures,Platform,VC,Ventures Platform,,Business & Investment Education,Africa,Nigeria-focused,,,Investment content + startup content,Nigerian early-stage VC with strong portfolio
GreenHouse,Capital,VC,GreenHouse Capital,,Business & Investment Education,Africa,Nigeria-focused,,,Investment content,Nigerian VC backing fintech and health startups
Algebra,Ventures,VC,Algebra Ventures,,Business & Investment Education,Africa,North Africa,,,Investment content,Egyptian VC — MENA/Africa crossover
4DX,Ventures,VC,4DX Ventures,,Business & Investment Education,Africa,Pan-African,,,Investment content + co-webinar,US-based Africa-focused VC
Chandaria,Industries,Conglomerate,Chandaria Industries,,Business & Investment Education,Africa,East Africa,,,Brand alignment,Kenyan-Indian business empire — diversified investments
Equity,BCDC,Investment,Equity BCDC,,Business & Investment Education,Africa,DRC/Pan-African,,,Investment content,Equity Bank's DRC arm — emerging market investment
Norfund,Africa,DFI,Norfund Africa,,Business & Investment Education,Africa,Pan-African,,,Institutional visibility,Norwegian investment fund for Africa — institutional partner
British,International Investment (BII),DFI,British International Investment (BII),,Business & Investment Education,Africa,Pan-African,,,Institutional thought leadership,UK DFI with massive Africa portfolio — formerly CDC
Proparco,,DFI,Proparco,,Business & Investment Education,Africa,Pan-African,,,Institutional partnership,French DFI investing in African private sector
FMO,Africa,DFI,FMO Africa,,Business & Investment Education,Africa,Pan-African,,,Institutional partnership,Dutch development bank with African investments
DEG,(German Investment Corp),DFI,DEG (German Investment Corp),,Business & Investment Education,Africa,Pan-African,,,Institutional partnership,German DFI financing private sector in Africa
AfricArena,,Event/Community,AfricArena,,Business & Investment Education,Africa,10K+ attendees,,,Event partnership + sponsorship,Africa's premier tech and investment conference — Cape Town
Africa,Tech Summit,Event,Africa Tech Summit,,Business & Investment Education,Africa,3K+ attendees,,,Event partnership,Pan-African tech conference — Nairobi and London
GITEX,Africa,Event,GITEX Africa,,Business & Investment Education,Africa,50K+ attendees,,,Event partnership,Africa's largest tech and startup event — Marrakech
Invest,Africa,Network,Invest Africa,,Business & Investment Education,Africa,5K+ members,,,Network partnership + co-events,Platform connecting global investors with African opportunities
Africa,CEO Forum,Event,Africa CEO Forum,,Business & Investment Education,Africa,2K+ attendees,,,Event partnership,Annual gathering of Africa's top business leaders
Fragomen,(Africa Immigration),Law Firm,Fragomen (Africa Immigration),,Legal & Professional Services,Africa,Global,,,Referral partnership + co-content,World's largest immigration firm with African offices — visa and work permits
Dentons,Africa,Law Firm,Dentons Africa,,Legal & Professional Services,Africa,Pan-African,,,Professional partnership + webinar,World's largest law firm — offices across Africa
Baker,McKenzie Africa,Law Firm,Baker McKenzie Africa,,Legal & Professional Services,Africa,Pan-African,,,Professional partnership,"Global law firm with Johannesburg, Cairo offices"
Bowmans,(Bowman Gilfillan),Law Firm,Bowmans (Bowman Gilfillan),,Legal & Professional Services,Africa,Pan-African,,,Legal content partnership + referral,"Leading African law firm — SA, Kenya, Uganda, Tanzania, Madagascar"
ALN,(Africa Legal Network),Law Network,ALN (Africa Legal Network),,Legal & Professional Services,Africa,Pan-African,,,Network partnership + referral,Network of leading law firms across 15 African countries
ALSA,Group,Law Firm,ALSA Group,,Legal & Professional Services,Africa,Pan-African,,,Professional partnership,Pan-African legal services alliance
ENSafrica,,Law Firm,ENSafrica,,Legal & Professional Services,Africa,Pan-African,,,Legal content + co-webinar,Africa's largest law firm — offices in 6 countries
Cliffe,Dekker Hofmeyr,Law Firm,Cliffe Dekker Hofmeyr,,Legal & Professional Services,Africa,South Africa,,,Professional partnership,Leading SA law firm — corporate and commercial
Webber,Wentzel,Law Firm,Webber Wentzel,,Legal & Professional Services,Africa,South Africa,,,Professional partnership,Top-tier SA law firm — cross-border transactions
Werksmans,Attorneys,Law Firm,Werksmans Attorneys,,Legal & Professional Services,Africa,South Africa,,,Professional partnership,Premier SA business law firm
Banwo,& Ighodalo,Law Firm,Banwo & Ighodalo,,Legal & Professional Services,Africa,Nigeria,,,Professional partnership,"Leading Nigerian law firm — corporate, energy, finance"
Aluko,& Oyebode,Law Firm,Aluko & Oyebode,,Legal & Professional Services,Africa,Nigeria,,,Professional partnership,Top Nigerian law firm — cross-border transactions
Templars,Law,Law Firm,Templars Law,,Legal & Professional Services,Africa,Nigeria,,,Professional partnership,Full-service Nigerian law firm
KPMG,Africa,Professional Services,KPMG Africa,,Legal & Professional Services,Africa,Pan-African,,,Thought leadership + co-content,"Big Four with extensive African practice — audit, tax, advisory"
PwC,Africa,Professional Services,PwC Africa,,Legal & Professional Services,Africa,Pan-African,,,Thought leadership,Big Four — Africa practice across 30+ countries
Deloitte,Africa,Professional Services,Deloitte Africa,,Legal & Professional Services,Africa,Pan-African,,,Thought leadership + event,Big Four — largest professional services network in Africa
EY,Africa,Professional Services,EY Africa,,Legal & Professional Services,Africa,Pan-African,,,Thought leadership,Big Four — Africa advisory and consulting
McKinsey,Africa,Consulting,McKinsey Africa,,Legal & Professional Services,Africa,Pan-African,,,Thought leadership + research,"Global consulting with offices in Lagos, Nairobi, Johannesburg"
BCG,Africa,Consulting,BCG Africa,,Legal & Professional Services,Africa,Pan-African,,,Thought leadership,Global consulting with growing African presence
Bain,Africa,Consulting,Bain Africa,,Legal & Professional Services,Africa,Pan-African,,,Thought leadership,Global consulting — Johannesburg office
Sholegal,Advisory,Legal Advisory,Sholegal Advisory,,Legal & Professional Services,Africa,Nigeria/UK,,,Referral partnership + co-webinar,Nigerian law firm serving diaspora — business setup specialists
Olisa,Agbakoba Legal (OAL),Law Firm,Olisa Agbakoba Legal (OAL),,Legal & Professional Services,Africa,Nigeria,,,Professional partnership,"Leading Nigerian firm — maritime, IP, corporate"
Ashurst,Africa,Law Firm,Ashurst Africa,,Legal & Professional Services,Africa,Pan-African,,,Professional partnership,"Global firm with Africa focus — mining, energy, infrastructure"
Norton,Rose Fulbright Africa,Law Firm,Norton Rose Fulbright Africa,,Legal & Professional Services,Africa,Pan-African,,,Professional partnership,"Global firm — Johannesburg, Durban, Cape Town"
DLA,Piper Africa,Law Firm,DLA Piper Africa,,Legal & Professional Services,Africa,Pan-African,,,Professional partnership,Global firm with African member firms
Hogan,Lovells Africa,Law Firm,Hogan Lovells Africa,,Legal & Professional Services,Africa,Pan-African,,,Professional partnership,Global firm — Johannesburg office
White,& Case Africa,Law Firm,White & Case Africa,,Legal & Professional Services,Africa,Pan-African,,,Professional partnership,"Global firm — Johannesburg, Africa-focused practice"
Freshfields,Africa,Law Firm,Freshfields Africa,,Legal & Professional Services,Africa,Pan-African,,,Professional partnership,Global firm with growing African practice
Jackson,Etti & Edu,Law Firm,Jackson Etti & Edu,,Legal & Professional Services,Africa,Nigeria,,,Referral partnership,Nigerian full-service law firm — diaspora business services
AELEX,,Law Firm,AELEX,,Legal & Professional Services,Africa,Nigeria,,,Professional partnership,"Nigerian firm — corporate, energy, IP, real estate"
Anjarwalla,& Khanna,Law Firm,Anjarwalla & Khanna,,Legal & Professional Services,Africa,East Africa,,,Professional partnership,Leading East African law firm — Kenya based
Kaplan,& Stratton,Law Firm,Kaplan & Stratton,,Legal & Professional Services,Africa,Kenya,,,Professional partnership,One of Kenya's oldest and most respected law firms
Coulson,Harney (Bowmans Kenya),Law Firm,Coulson Harney (Bowmans Kenya),,Legal & Professional Services,Africa,Kenya,,,Professional partnership,Top Kenyan law firm — part of Bowmans group
Hamilton,Harrison & Mathews,Law Firm,Hamilton Harrison & Mathews,,Legal & Professional Services,Africa,Kenya,,,Professional partnership,Leading Kenyan corporate law firm
Iseme,Kamau & Maema,Law Firm,Iseme Kamau & Maema,,Legal & Professional Services,Africa,Kenya,,,Professional partnership,Kenyan firm — part of DLA Piper Africa group
Bentsi-Enchill,Letsa & Ankomah,Law Firm,Bentsi-Enchill Letsa & Ankomah,,Legal & Professional Services,Africa,Ghana,,,Professional partnership + referral,Ghana's leading law firm — corporate and commercial
AB,& David,Law Firm,AB & David,,Legal & Professional Services,Africa,Ghana,,,Professional partnership,"Top Ghanaian law firm — energy, finance, real estate"
KPMG,Africa Tax Practice,Tax Advisory,KPMG Africa Tax Practice,,Legal & Professional Services,Africa,Pan-African,,,Tax content partnership + webinar,Pan-African tax advisory — cross-border tax planning
PwC,Africa Tax,Tax Advisory,PwC Africa Tax,,Legal & Professional Services,Africa,Pan-African,,,Tax content + co-webinar,Pan-African tax services — diaspora tax planning
Mazars,Africa,Professional Services,Mazars Africa,,Legal & Professional Services,Africa,Pan-African,,,Professional partnership,International audit and advisory — Africa practice
Grant,Thornton Africa,Professional Services,Grant Thornton Africa,,Legal & Professional Services,Africa,Pan-African,,,Professional partnership,Audit and advisory with African offices
BDO,Africa,Professional Services,BDO Africa,,Legal & Professional Services,Africa,Pan-African,,,Professional partnership,International audit and advisory — Africa network
RSM,Africa,Professional Services,RSM Africa,,Legal & Professional Services,Africa,Pan-African,,,Professional partnership,Global audit and tax with African presence
Africa,Practice,Advisory,Africa Practice,,Legal & Professional Services,Africa,Pan-African,,,Strategic partnership + co-content,Africa-focused strategic advisory firm
Control,Risks Africa,Risk Advisory,Control Risks Africa,,Legal & Professional Services,Africa,Pan-African,,,Thought leadership + risk content,Political and security risk consulting in Africa
Marsh,Africa,Insurance,Marsh Africa,,Legal & Professional Services,Africa,Pan-African,,,Professional partnership,Global insurance broker — African risk management
Aon,Africa,Insurance,Aon Africa,,Legal & Professional Services,Africa,Pan-African,,,Professional partnership,Global risk advisory — African practice
Standard,Chartered Africa Advisory,Advisory,Standard Chartered Africa Advisory,,Legal & Professional Services,Africa,Pan-African,,,Investment content + co-webinar,Advisory services for Africa investments
Citi,Africa,Banking/Advisory,Citi Africa,,Legal & Professional Services,Africa,Pan-African,,,Institutional partnership,Citibank's African advisory and banking services
JP,Morgan Africa,Banking/Advisory,JP Morgan Africa,,Legal & Professional Services,Africa,Pan-African,,,Institutional partnership,JP Morgan's African capital markets practice
Goldman,Sachs Africa,Banking/Advisory,Goldman Sachs Africa,,Legal & Professional Services,Africa,Pan-African,,,Institutional partnership,GS African investments and advisory
Visa,Inc. Africa,Payments,Visa Inc. Africa,,Legal & Professional Services,Africa,Pan-African,,,Strategic partnership,Visa's African operations — digital payments expansion
Mastercard,Africa,Payments,Mastercard Africa,,Legal & Professional Services,Africa,Pan-African,,,Strategic partnership + event,Mastercard's African operations — financial inclusion mission
Africa,Business Law Hub,Legal Media,Africa Business Law Hub,,Legal & Professional Services,Africa,50K+ visitors/mo,,,Content partnership,Online platform for African business law updates
African,Law and Business,Legal Media,African Law and Business,,Legal & Professional Services,Africa,50K+ readers,,,Content partnership,Publication covering legal developments across Africa
Lagos,Business School,Education,Lagos Business School,,Legal & Professional Services,Africa,10K+ alumni,,,Academic partnership + guest lectures,Nigeria's premier business school — Pan African University
Strathmore,Business School,Education,Strathmore Business School,,Legal & Professional Services,Africa,5K+ alumni,,,Academic partnership,Kenya's leading private business school
UCT,Graduate School of Business,Education,UCT Graduate School of Business,,Legal & Professional Services,Africa,10K+ alumni,,,Academic partnership,SA's top business school — Africa-focused MBA
GIBS,(Gordon Institute),Education,GIBS (Gordon Institute),,Legal & Professional Services,Africa,10K+ alumni,,,Academic partnership,Leading SA business school — Pretoria based
Wits,Business School,Education,Wits Business School,,Legal & Professional Services,Africa,5K+ alumni,,,Academic partnership,University of Witwatersrand business school — Johannesburg
African,American Attorney Network,Network,African American Attorney Network,,Legal & Professional Services,Africa,50K+ members,,,Referral partnership,Network of Black attorneys — potential legal service referrals
National,Bar Association,Association,National Bar Association,,Legal & Professional Services,Africa,60K+ members,,,Referral partnership + event,Oldest national network of Black attorneys — USA based
African,Diaspora Legal Network,Network,African Diaspora Legal Network,,Legal & Professional Services,Africa,5K+ members,,,Referral partnership,Lawyers serving the African diaspora
Immigration,Advocates Network,Network,Immigration Advocates Network,,Legal & Professional Services,Africa,Industry,,,Content partnership,Pro bono immigration legal services network
Global,Citizen Africa,Campaign,Global Citizen Africa,,Legal & Professional Services,Africa,10M+ followers globally,,,Campaign partnership + event,Campaign platform advocating for African development
NAACP,,Organization,NAACP,,Diaspora Community Organizations,Africa,500K+ members,,,Institutional partnership + event,Oldest civil rights org — connects with Ashley's demographic of professional Black Americans
National,Urban League,Organization,National Urban League,,Diaspora Community Organizations,Africa,90+ affiliates,,,Partnership + event,Economic empowerment of Black communities — professional audience
Congressional,Black Caucus Foundation,Organization,Congressional Black Caucus Foundation,,Diaspora Community Organizations,Africa,Industry,,,Event partnership,Political advocacy for Black Americans — annual legislative conference
100,Black Men of America,Organization,100 Black Men of America,,Diaspora Community Organizations,Africa,10K+ members,,,Event partnership + co-content,Professional Black male mentorship — affluent audience
National,Council of Negro Women,Organization,National Council of Negro Women,,Diaspora Community Organizations,Africa,40K+ members,,,Partnership + event,Black women's advocacy — aligns with Ashley's female audience
Jack,and Jill of America,Organization,Jack and Jill of America,,Diaspora Community Organizations,Africa,40K+ families,,,Event partnership,Premier Black family organization — affluent audience
Alpha,Kappa Alpha Sorority,Organization,Alpha Kappa Alpha Sorority,,Diaspora Community Organizations,Africa,300K+ members,,,Partnership + event,Largest Black sorority — professional women network
Delta,Sigma Theta Sorority,Organization,Delta Sigma Theta Sorority,,Diaspora Community Organizations,Africa,300K+ members,,,Partnership + event,Public service sorority — professional women
Alpha,Phi Alpha Fraternity,Organization,Alpha Phi Alpha Fraternity,,Diaspora Community Organizations,Africa,200K+ members,,,Partnership + event,First Black fraternity — professional men
Kappa,Alpha Psi Fraternity,Organization,Kappa Alpha Psi Fraternity,,Diaspora Community Organizations,Africa,150K+ members,,,Partnership + event,Achievement-focused fraternity — professional men
National,Black MBA Association,Organization,National Black MBA Association,,Diaspora Community Organizations,Africa,20K+ members,,,Event partnership + sponsorship,Black MBA professionals — annual conference
National,Society of Black Engineers,Organization,National Society of Black Engineers,,Diaspora Community Organizations,Africa,30K+ members,,,Event partnership,Black engineers — tech and professional audience
National,Association of Black Journalists,Organization,National Association of Black Journalists,,Diaspora Community Organizations,Africa,4K+ members,,,Content partnership + event,Black journalists — media partnership potential
National,Black Chamber of Commerce,Organization,National Black Chamber of Commerce,,Diaspora Community Organizations,Africa,100K+ Black-owned businesses,,,Partnership + co-events,Advocacy for Black businesses — strong business owner audience
US,African Development Foundation,Govt Agency,US African Development Foundation,,Diaspora Community Organizations,Africa,Industry,,,Institutional partnership,US government agency supporting African development
Constituency,for Africa,Organization,Constituency for Africa,,Diaspora Community Organizations,Africa,50K+ supporters,,,Partnership + event,US-based advocacy for African development and trade
Africa-America,Institute,Organization,Africa-America Institute,,Diaspora Community Organizations,Africa,30K+ alumni,,,Academic partnership + events,Educational exchange between Africa and America since 1953
African,Diaspora Network,Network,African Diaspora Network,,Diaspora Community Organizations,Africa,5K+ members,,,Network partnership + event,Silicon Valley-based network connecting diaspora entrepreneurs
Global,Black Caucus,Network,Global Black Caucus,,Diaspora Community Organizations,Africa,Industry,,,Institutional partnership,Connecting Black elected officials globally including Africa
BlackRock,Africa Initiative,Corporate,BlackRock Africa Initiative,,Diaspora Community Organizations,Africa,Industry,,,Institutional content + thought leadership,BlackRock's growing Africa investment thesis
Afro-Caribbean,Society Networks,Community,Afro-Caribbean Society Networks,,Diaspora Community Organizations,Africa,Various,,,Community partnership,Caribbean diaspora networks with African heritage connections
Caribbean,African Network,Network,Caribbean African Network,,Diaspora Community Organizations,Africa,10K+ members,,,Community exchange + events,Connecting Caribbean and African diaspora communities
Afri-Caribbean,Trade & Investment Forum,Event,Afri-Caribbean Trade & Investment Forum,,Diaspora Community Organizations,Africa,1K+ attendees,,,Event partnership,Trade and investment event connecting Africa and Caribbean
Ghana,Diaspora Affairs Office,Govt Office,Ghana Diaspora Affairs Office,,Diaspora Community Organizations,Africa,Industry,,,Institutional partnership,Ghanaian government office serving the diaspora
Nigerian,Diaspora Commission (NIDCOM),Govt Agency,Nigerian Diaspora Commission (NIDCOM),,Diaspora Community Organizations,Africa,Industry,,,Institutional partnership,Nigerian government commission for diaspora engagement
Kenya,Diaspora Alliance,Network,Kenya Diaspora Alliance,,Diaspora Community Organizations,Africa,50K+ members,,,Community partnership,Connecting Kenyan diaspora for investment and development
South,African Diaspora Network,Network,South African Diaspora Network,,Diaspora Community Organizations,Africa,10K+ members,,,Community partnership,SA diaspora community across the world
Ethiopian,Diaspora Trust Fund,Fund,Ethiopian Diaspora Trust Fund,,Diaspora Community Organizations,Africa,Industry,,,Institutional partnership,Diaspora-funded development initiative for Ethiopia
Rwandan,Diaspora Global Network,Network,Rwandan Diaspora Global Network,,Diaspora Community Organizations,Africa,20K+ members,,,Community partnership,Connecting Rwandan diaspora worldwide
Senegalese,American Association,Organization,Senegalese American Association,,Diaspora Community Organizations,Africa,5K+ members,,,Community partnership,Senegalese community in the US
Association,of Nigerians Abroad,Organization,Association of Nigerians Abroad,,Diaspora Community Organizations,Africa,50K+ members,,,Community partnership + event,Nigerian diaspora association
Ghanaian,Association of Various US Cities,Organizations,Ghanaian Association of Various US Cities,,Diaspora Community Organizations,Africa,Various,,,Community outreach,Ghanaian community associations across US cities
Year,of Return Foundation,Organization,Year of Return Foundation,,Diaspora Community Organizations,Africa,Industry,,,Strategic partnership,Continuing Ghana's Year of Return momentum
Beyond,the Return,Campaign,Beyond the Return,,Diaspora Community Organizations,Africa,Industry,,,Campaign partnership,Ghana's post-2019 campaign for sustained diaspora engagement
December,in GH,Event/Movement,December in GH,,Diaspora Community Organizations,Africa,100K+ participants,,,Event sponsorship + brand visibility,Annual diaspora event drawing thousands to Ghana
Afrochella,,Event,Afrochella,,Diaspora Community Organizations,Africa,50K+ attendees,,,Event sponsorship + brand partnership,Ghana's premier Afrobeats and culture festival — December
Afro,Nation,Event,Afro Nation,,Diaspora Community Organizations,Africa,30K+ attendees,,,Event sponsorship,"Global Afrobeats festival — Ghana, Portugal, Puerto Rico"
Detty,December,Movement,Detty December,,Diaspora Community Organizations,Africa,Cultural phenomenon,,,Content + event partnership,Annual Lagos party season drawing diaspora tourists
Chale,Wote Festival,Event,Chale Wote Festival,,Diaspora Community Organizations,Africa,50K+ attendees,,,Event sponsorship,Accra street art festival — diaspora cultural touchpoint
Felabration,,Event,Felabration,,Diaspora Community Organizations,Africa,100K+ attendees,,,Event partnership,Annual Lagos music festival honoring Fela Kuti
Lake,of Stars Festival,Event,Lake of Stars Festival,,Diaspora Community Organizations,Africa,5K+ attendees,,,Event partnership,Malawi's premier music and arts festival on Lake Malawi
Cape,Town Jazz Festival,Event,Cape Town Jazz Festival,,Diaspora Community Organizations,Africa,30K+ attendees,,,Event sponsorship + brand visibility,Africa's premier jazz festival — premium audience
Lagos,Photo Festival,Event,Lagos Photo Festival,,Diaspora Community Organizations,Africa,10K+ attendees,,,Event partnership,International photography festival in Lagos
Joburg,Film Festival,Event,Joburg Film Festival,,Diaspora Community Organizations,Africa,10K+ attendees,,,Event partnership,SA's premier film festival
Africa,Magic Viewers' Choice Awards,Event,Africa Magic Viewers' Choice Awards,,Diaspora Community Organizations,Africa,10M+ viewers,,,Brand visibility + sponsorship,Africa's biggest entertainment awards show
ONE,Campaign Africa,Advocacy,ONE Campaign Africa,,Diaspora Community Organizations,Africa,10M+ supporters,,,Campaign partnership,Global advocacy organization co-founded by Bono — Africa focus
Africa.com,,Media/Platform,Africa.com,,Diaspora Community Organizations,Africa,1M+ monthly visitors,,,Content partnership + native ads,Pan-African news and community platform
WhatsApp,Diaspora Groups,Community,WhatsApp Diaspora Groups,,Diaspora Community Organizations,Africa,Millions,,,Community outreach strategy,Informal diaspora communities on WhatsApp — organic reach
Facebook,Diaspora Groups,Community,Facebook Diaspora Groups,,Diaspora Community Organizations,Africa,Various,,,Community engagement,"Diaspora communities on Facebook — Ghana, Nigeria, Kenya, SA focused"
Reddit,r/Africa,Community,Reddit r/Africa,,Diaspora Community Organizations,Africa,200K+ members,,,Community engagement + AMA,Reddit's Africa community — discussion and news
Clubhouse,Africa Rooms,Audio,Clubhouse Africa Rooms,,Diaspora Community Organizations,Africa,Various,,,Room hosting + thought leadership,Live audio conversations on African topics
Twitter/X,Africa Communities,Social,Twitter/X Africa Communities,,Diaspora Community Organizations,Africa,Various,,,Social engagement + thought leadership,"African tech, business, and diaspora Twitter communities"
LinkedIn,Africa Groups,Social,LinkedIn Africa Groups,,Diaspora Community Organizations,Africa,Various,,,Thought leadership + content,Professional networking groups for African business
Diaspora,Africa Forum,Organization,Diaspora Africa Forum,,Diaspora Community Organizations,Africa,Industry,,,Institutional partnership,Continental body representing African diaspora interests
AU,Diaspora Division,Institutional,AU Diaspora Division,,Diaspora Community Organizations,Africa,Pan-African,,,Institutional partnership,African Union's engagement with the diaspora — 6th Region
ECOWAS,Diaspora Engagement,Institutional,ECOWAS Diaspora Engagement,,Diaspora Community Organizations,Africa,West Africa,,,Institutional partnership,West African economic community diaspora programs
US,State Dept African Affairs,Govt,US State Dept African Affairs,,Diaspora Community Organizations,Africa,Industry,,,Institutional visibility,US government Africa policy — Young African Leaders Initiative
YALI,(Young African Leaders Initiative),Program,YALI (Young African Leaders Initiative),,Diaspora Community Organizations,Africa,700K+ alumni,,,Alumni partnership + event,US government program for young African leaders
Mandela,Washington Fellowship,Fellowship,Mandela Washington Fellowship,,Diaspora Community Organizations,Africa,5K+ fellows,,,Alumni partnership,Flagship program of YALI — annual US exchange
Chevening,Africa Alumni,Fellowship,Chevening Africa Alumni,,Diaspora Community Organizations,Africa,10K+ fellows,,,Alumni partnership,UK government scholarship alumni in Africa
Fulbright,Africa Alumni,Fellowship,Fulbright Africa Alumni,,Diaspora Community Organizations,Africa,5K+ fellows,,,Alumni partnership,US exchange program alumni across Africa
Mo,Ibrahim Foundation,Foundation,Mo Ibrahim Foundation,,Diaspora Community Organizations,Africa,Industry,,,Thought leadership + partnership,Governance and leadership foundation — annual prize and index
Africa,No Filter,Campaign,Africa No Filter,,Diaspora Community Organizations,Africa,500K+ followers,,,Content partnership + campaign,Changing the narrative about Africa through media
BBC,Africa,Media,BBC Africa,,Diaspora Community Organizations,Africa,100M+ audience,,,Media partnership,"BBC's Africa bureau — news, documentaries, culture"
Al,Jazeera Africa,Media,Al Jazeera Africa,,Diaspora Community Organizations,Africa,50M+ audience,,,Media partnership,Al Jazeera's African coverage and documentaries
The,Continent (newsletter),Newsletter,The Continent (newsletter),,Diaspora Community Organizations,Africa,200K+ subscribers,,,Newsletter sponsorship,Pan-African weekly newsletter distributed via WhatsApp
African,Arguments (IAI),Media,African Arguments (IAI),,Diaspora Community Organizations,Africa,500K+ visitors/mo,,,Content partnership,In-depth African political and cultural analysis
Mail,& Guardian Africa,Media,Mail & Guardian Africa,,Diaspora Community Organizations,Africa,2M+ visitors/mo,,,Content partnership,SA's leading independent newspaper — Africa coverage
The,East African,Media,The East African,,Diaspora Community Organizations,Africa,1M+ visitors/mo,,,Content partnership,Leading East African regional newspaper
Citizen,TV Kenya,Media,Citizen TV Kenya,,Diaspora Community Organizations,Africa,5M+ viewers,,,Media partnership,Kenya's most watched TV station
